,PairsTrading
2002-07-26,0.0
2002-07-29,0.0
2002-07-30,0.0
2002-07-31,0.0
2002-08-01,0.0
2002-08-02,0.0
2002-08-05,0.0
2002-08-06,0.0
2002-08-07,0.0
2002-08-08,0.0
2002-08-09,0.0
2002-08-12,0.0
2002-08-13,0.00116627590835916
2002-08-14,0.000669513432994262
2002-08-15,-0.0032469326031155377
2002-08-16,0.0020429616871356915
2002-08-19,-0.001384102238924323
2002-08-20,0.0025693783670170944
2002-08-21,0.006219439526013504
2002-08-22,0.0
2002-08-23,0.0
2002-08-26,0.0
2002-08-27,0.0
2002-08-28,0.0027892931645489005
2002-08-29,0.0
2002-08-30,0.0
2002-09-02,0.0
2002-09-03,0.0
2002-09-04,0.0
2002-09-05,0.0
2002-09-06,0.0
2002-09-09,0.0
2002-09-10,0.0
2002-09-11,0.0
2002-09-12,0.0
2002-09-13,0.0
2002-09-16,0.0
2002-09-17,0.0
2002-09-18,-0.0009054174199562004
2002-09-19,-6.487855378722873e-05
2002-09-20,0.0005735502453447783
2002-09-23,-0.0013102809592965559
2002-09-24,-0.0006464733747712226
2002-09-25,0.0042653958688620985
2002-09-26,0.0
2002-09-27,0.0
2002-10-08,0.0
2002-10-09,0.0
2002-10-10,0.001583353971444712
2002-10-11,0.0015375570643302305
2002-10-14,0.004133538834568962
2002-10-15,0.0
2002-10-16,0.0
2002-10-17,0.0
2002-10-18,0.0
2002-10-21,-0.0017078732763894933
2002-10-22,0.0038821032687044177
2002-10-23,-0.0025937759319115683
2002-10-24,-0.0033935209350394735
2002-10-25,-4.813521420687916e-05
2002-10-28,-0.0021126957945816205
2002-10-29,-0.001716430660063828
2002-10-30,0.0017206703999325113
2002-10-31,0.0009957144624343681
2002-11-01,-0.0033066222439657733
2002-11-04,0.002555267535782668
2002-11-05,0.00439427201192838
2002-11-06,0.005523145768315141
2002-11-07,0.0
2002-11-08,0.0
2002-11-11,0.0
2002-11-12,0.0
2002-11-13,-0.00033804210065205287
2002-11-14,-0.002483498373251486
2002-11-15,0.0025575926337749744
2002-11-18,0.002078683419717342
2002-11-19,-0.0018099641113538123
2002-11-20,0.005058541793706184
2002-11-21,-0.0012694506205591094
2002-11-22,0.0016957660761485378
2002-11-25,0.0011926956926740506
2002-11-26,-0.0007052445233307336
2002-11-27,0.0013118127057303308
2002-11-28,0.0041810866989129
2002-11-29,0.0019523150842737924
2002-12-02,-0.0019102482703295034
2002-12-03,0.0004733603020609842
2002-12-04,0.002026358744064131
2002-12-05,0.0005857627665022402
2002-12-06,-0.001278086529736766
2002-12-09,-0.002080440986148957
2002-12-10,0.0007824774764920717
2002-12-11,0.004149429366690716
2002-12-12,-0.0009416631705739809
2002-12-13,0.0016222362456509432
2002-12-16,0.0005760594672054031
2002-12-17,0.0
2002-12-18,0.0
2002-12-19,0.0
2002-12-20,0.0
2002-12-23,0.0
2002-12-24,0.0
2002-12-25,-0.0007332206527308482
2002-12-26,0.0005567016800084867
2002-12-27,0.0023021676235127075
2002-12-30,0.0
2002-12-31,-0.00023090751022925016
2003-01-02,0.0007381706691617445
2003-01-03,0.0001486650036230941
2003-01-06,0.0017524874442337857
2003-01-07,0.0010490647601954506
2003-01-08,-0.000429408369608697
2003-01-09,0.0006430445285185993
2003-01-10,-0.002310587906745376
2003-01-13,-0.0006110109840451461
2003-01-14,0.0030761065743007965
2003-01-15,0.0009289498597787882
2003-01-16,0.0007967483601220571
2003-01-17,0.0015336245815081861
2003-01-20,-0.0005769289231665475
2003-01-21,0.002379772237390776
2003-01-22,-0.001367864732231383
2003-01-23,-0.0006763302076529532
2003-01-24,-0.0027529215009174934
2003-01-27,-0.0013579446902818315
2003-01-28,-3.306885899556633e-07
2003-01-29,-0.0002282385066128545
2003-02-10,-0.0016324896902409902
2003-02-11,0.00024646827996965825
2003-02-12,0.002108086159560707
2003-02-13,0.0
2003-02-14,0.0
2003-02-17,0.0005206227280604159
2003-02-18,0.0007594209242318128
2003-02-19,0.00022792934380388985
2003-02-20,-0.00025820088766517757
2003-02-21,0.000413307583181588
2003-02-24,-0.0025988710876637677
2003-02-25,0.0033430930912974888
2003-02-26,0.0024439053508886754
2003-02-27,0.0
2003-02-28,0.0
2003-03-03,0.0
2003-03-04,-0.0013398371342561166
2003-03-05,0.0016381114500377825
2003-03-06,-0.0006486955265270766
2003-03-07,0.000574670229676999
2003-03-10,0.0
2003-03-11,0.0
2003-03-12,0.0
2003-03-13,0.0008374344226690367
2003-03-14,-0.0023591311825770234
2003-03-17,0.0009375585003220666
2003-03-18,0.0002589625925985828
2003-03-19,0.00025203146239943797
2003-03-20,-0.001841458514606098
2003-03-21,0.000647525657912762
2003-03-24,-0.00035316327370271683
2003-03-25,-0.0004194904606899532
2003-03-26,-0.0017134174452400064
2003-03-27,0.001291714083450227
2003-03-28,0.0016564237901411183
2003-03-31,0.0009157699182937573
2003-04-01,0.0014448187660158762
2003-04-02,-0.0010357343028046806
2003-04-03,0.000849309682812216
2003-04-04,0.0
2003-04-07,-0.00395055315278986
2003-04-08,0.0017813488132867872
2003-04-09,0.0040028001676372105
2003-04-10,0.002893945056365088
2003-04-11,0.005536830763253842
2003-04-14,0.0
2003-04-15,0.0
2003-04-16,0.003912332806643382
2003-04-17,-0.0052582558226343945
2003-04-18,0.001097194755740022
2003-04-21,0.0028614386564514427
2003-04-22,0.00502878087641262
2003-04-23,0.001417168198388885
2003-04-24,0.0
2003-04-25,0.0006481586036764242
2003-04-28,-0.003458440511208305
2003-04-29,-0.004492421043378473
2003-04-30,0.001017494894069021
2003-05-12,-0.004847544350407222
2003-05-13,0.0007742430270627036
2003-05-14,-0.00015932799824367513
2003-05-15,0.007713983051267878
2003-05-16,0.00305916176739159
2003-05-19,0.0011808653240754086
2003-05-20,0.0017434717127218224
2003-05-21,0.0020485967186326115
2003-05-22,0.0005306879695577971
2003-05-23,0.001732386033608516
2003-05-26,0.00105149890502935
2003-05-27,0.0010810773001986296
2003-05-28,0.0008385436888685982
2003-05-29,-0.010459370651191846
2003-05-30,0.0
2003-06-02,-0.00029307641925380157
2003-06-03,-0.0005402074931085132
2003-06-04,-0.005945955950613646
2003-06-05,0.004163304695858683
2003-06-06,-0.005570911614803775
2003-06-09,0.0120451147907768
2003-06-10,0.003852110823435062
2003-06-11,0.0017117177774359504
2003-06-12,-2.544457444573578e-05
2003-06-13,-0.00023356574819681074
2003-06-16,0.0029152940515540793
2003-06-17,-0.004672311369273985
2003-06-18,-0.002087715778282484
2003-06-19,0.00041041931840635204
2003-06-20,0.001566948646454902
2003-06-23,0.0
2003-06-24,0.0
2003-06-25,0.0
2003-06-26,0.0
2003-06-27,0.0
2003-06-30,0.0
2003-07-01,0.0
2003-07-02,0.0
2003-07-03,0.0
2003-07-04,0.0
2003-07-07,0.0
2003-07-08,0.0
2003-07-09,-0.0031413031597974372
2003-07-10,-0.004575325239840222
2003-07-11,-0.0003579551760938826
2003-07-14,0.00012505856142885907
2003-07-15,0.006161780220294455
2003-07-16,-0.005655538541839977
2003-07-17,0.0030281987629559395
2003-07-18,0.0030164137589652755
2003-07-21,-0.007715011063610139
2003-07-22,0.0025601881415945327
2003-07-23,-0.002136742401928071
2003-07-24,0.0056611293556381725
2003-07-25,-0.0060200955727839345
2003-07-28,-0.004838002967801236
2003-07-29,0.0020669180581139868
2003-07-30,0.0020573279605781147
2003-07-31,-0.001220745736076112
2003-08-01,-0.0037961640210881775
2003-08-04,0.002136768365416375
2003-08-05,0.0018033247677214184
2003-08-06,-0.0004505146293555806
2003-08-07,0.0016613019411115815
2003-08-08,0.0020895395701442943
2003-08-11,-0.001376047863549168
2003-08-12,-0.00046543372406654404
2003-08-13,0.005899438419710412
2003-08-14,-0.003126764279564098
2003-08-15,-0.007798678033569428
2003-08-18,0.00028165452329437235
2003-08-19,0.0005119229044643625
2003-08-20,-0.0009389642701280732
2003-08-21,0.0007008954057517447
2003-08-22,0.0010057894214106078
2003-08-25,0.0021219058070169605
2003-08-26,0.0016561069711977794
2003-08-27,0.0
2003-08-28,0.0
2003-08-29,0.0
2003-09-01,0.0
2003-09-02,0.0
2003-09-03,0.0
2003-09-04,0.0048914170139934265
2003-09-05,0.0007300993718106219
2003-09-08,0.0
2003-09-09,0.0
2003-09-10,0.0
2003-09-11,0.0020986383446001122
2003-09-12,0.0
2003-09-15,0.0
2003-09-16,0.0
2003-09-17,0.0
2003-09-18,0.0
2003-09-19,0.0
2003-09-22,0.0
2003-09-23,0.0
2003-09-24,0.0
2003-09-25,0.0
2003-09-26,0.0020852522653395655
2003-09-29,-3.341234473622223e-05
2003-09-30,-2.59763120042944e-05
2003-10-08,-0.00463354390337245
2003-10-09,0.0007759780252296622
2003-10-10,-0.00044502676320368195
2003-10-13,0.000636754883285795
2003-10-14,-0.0013108201470597713
2003-10-15,0.00010610411451814072
2003-10-16,-0.005855121334353841
2003-10-17,-5.898117300440209e-05
2003-10-20,-0.0018374637546156036
2003-10-21,0.0011026517057807217
2003-10-22,0.0033783884672758946
2003-10-23,0.0017656215390369399
2003-10-24,-0.0008649163196583485
2003-10-27,0.0009075222987804943
2003-10-28,-0.011211639658613382
2003-10-29,-0.01354373426141292
2003-10-30,0.0
2003-10-31,0.0
2003-11-03,0.0
2003-11-04,-0.0006049355548292112
2003-11-05,-0.0022145451577285924
2003-11-06,-0.002398574458028546
2003-11-07,0.005382327878549403
2003-11-10,-0.0047091555765059
2003-11-11,-0.0034852911616124103
2003-11-12,0.0034010359404691715
2003-11-13,0.005828355737715637
2003-11-14,-0.0002831124669981917
2003-11-17,-0.0006223326367489346
2003-11-18,0.0021978052662133263
2003-11-19,0.0009835494598804395
2003-11-20,0.0018565087329419638
2003-11-21,-0.004664027376538538
2003-11-24,0.0026622730148324614
2003-11-25,0.004494264495998435
2003-11-26,-0.0033317105679875336
2003-11-27,-0.0013573785530480165
2003-11-28,0.00423638966348705
2003-12-01,0.0
2003-12-02,0.0
2003-12-03,0.0
2003-12-04,0.0014720611703019637
2003-12-05,0.001378212012014851
2003-12-08,-0.002399420301567673
2003-12-09,-0.0030318105454326116
2003-12-10,-0.0034652604639483497
2003-12-11,0.001960235501831109
2003-12-12,0.0018964303870069865
2003-12-15,0.0006399375802940699
2003-12-16,-0.001691384329433776
2003-12-17,-0.00045297283172918146
2003-12-18,-0.00726728844348018
2003-12-19,-0.008034407546477162
2003-12-22,-0.0025041321269604717
2003-12-23,-0.0009789646261573375
2003-12-24,0.0012166610232237918
2003-12-25,0.001976923566493945
2003-12-26,-0.0003563463695046565
2003-12-29,0.0005155401747923699
2003-12-30,-0.004193681004895866
2003-12-31,-0.0010793599428378102
2004-01-02,-0.008337772544846503
2004-01-05,-0.00738225012944474
2004-01-06,0.0009415811768906657
2004-01-07,0.0007709922302749361
2004-01-08,0.003604995112766795
2004-01-09,0.0056017930103492986
2004-01-12,0.0008754604703786195
2004-01-13,0.002810693548383203
2004-01-14,0.003128709168414817
2004-01-15,-0.0037581034362338395
2004-01-16,0.0030631381932102464
2004-01-29,0.0024759286719373552
2004-01-30,-0.017247541418836443
2004-02-02,-0.023011552108528233
2004-02-03,0.009998041901095378
2004-02-04,-0.0030541811894446713
2004-02-05,-0.00016114832039232363
2004-02-06,0.0063922573806757255
2004-02-09,0.009274777982765992
2004-02-10,-0.0014271855871070271
2004-02-11,0.009539697790710622
2004-02-12,0.0
2004-02-13,0.0
2004-02-16,0.0
2004-02-17,0.0036395585316909562
2004-02-18,-0.0015239817421220658
2004-02-19,0.005285660665830916
2004-02-20,0.004033879729324535
2004-02-23,-0.0004373128070320198
2004-02-24,-0.0054892830806565485
2004-02-25,-0.002414286702172419
2004-02-26,0.005871578283224599
2004-02-27,0.0
2004-03-01,0.0
2004-03-02,0.018652513151391714
2004-03-03,-0.004576423633433024
2004-03-04,-0.0011647102416584287
2004-03-05,0.0032588245133174376
2004-03-08,0.007028009950800274
2004-03-09,0.008575070418792519
2004-03-10,0.0
2004-03-11,0.0
2004-03-12,0.0
2004-03-15,0.0
2004-03-16,0.0019707467228657904
2004-03-17,0.003230612510278952
2004-03-18,-0.00362441465815988
2004-03-19,-0.005112010486605256
2004-03-22,-0.0017871440246057801
2004-03-23,0.003984808475413271
2004-03-24,-0.002531556356641984
2004-03-25,0.004295836894036675
2004-03-26,0.0
2004-03-29,0.007826714421248437
2004-03-30,-0.005561843612656381
2004-03-31,0.003715463075586456
2004-04-01,0.0021899269653889997
2004-04-02,0.00025221413905573975
2004-04-05,-0.001109921338729447
2004-04-06,0.001148588567737363
2004-04-07,-0.004238497738624225
2004-04-08,-0.005171541244627265
2004-04-09,7.918335210790883e-05
2004-04-12,-0.003304035883841955
2004-04-13,-0.004498945144479155
2004-04-14,0.0004533970820537374
2004-04-15,0.001497446420759219
2004-04-16,0.0012415269388675876
2004-04-19,0.0012212827991260333
2004-04-20,0.007969145332424377
2004-04-21,0.0
2004-04-22,0.0
2004-04-23,0.0
2004-04-26,0.0
2004-04-27,0.0
2004-04-28,0.0
2004-04-29,0.0
2004-04-30,0.0
2004-05-10,0.0
2004-05-11,0.0
2004-05-12,0.0
2004-05-13,0.0
2004-05-14,0.0
2004-05-17,0.0
2004-05-18,0.0
2004-05-19,0.0
2004-05-20,0.0
2004-05-21,0.0
2004-05-24,0.0
2004-05-25,0.0
2004-05-26,-0.00504014817751558
2004-05-27,-0.003111270732090221
2004-05-28,0.004387036626896296
2004-05-31,-0.003579828380420036
2004-06-01,-0.0006164651939899457
2004-06-02,-0.005533958227806612
2004-06-03,0.00031985166416945154
2004-06-04,2.5865607413216862e-05
2004-06-07,5.6967595952223116e-05
2004-06-08,0.0019739474181857952
2004-06-09,0.0028346679909206085
2004-06-10,0.0027105965319840497
2004-06-11,0.0
2004-06-14,0.0
2004-06-15,0.004708723937677628
2004-06-16,0.0014641694355282675
2004-06-17,-0.0007908766374424003
2004-06-18,-0.005509579388276981
2004-06-21,-0.0021573838575837945
2004-06-22,0.00036296258572543483
2004-06-23,-0.000375702557592672
2004-06-24,0.00015184470329560051
2004-06-25,-5.840122087372168e-05
2004-06-28,0.0064450548743257285
2004-06-29,0.0004928668984898188
2004-06-30,0.003973565256057039
2004-07-01,-0.0023311441037324743
2004-07-02,0.0
2004-07-05,0.0
2004-07-06,0.0
2004-07-07,-0.0019718857847961235
2004-07-08,-0.0016846120478166138
2004-07-09,0.002692140182616376
2004-07-12,-0.0029262917498317775
2004-07-13,-0.004104837643583659
2004-07-14,-0.004119176820046866
2004-07-15,0.0020788179806008333
2004-07-16,0.003507996646587408
2004-07-19,-0.0032490117905760174
2004-07-20,-0.001908911449239381
2004-07-21,0.00226092991062804
2004-07-22,-0.0026796501489677604
2004-07-23,8.69901947051499e-05
2004-07-26,-0.0036636549310142263
2004-07-27,0.004469831059762045
2004-07-28,0.002984716876822964
2004-07-29,0.005819078200362593
2004-07-30,0.00012643891904376425
2004-08-02,-0.0015634118343071657
2004-08-03,-0.002909419945747116
2004-08-04,0.0020248281532413426
2004-08-05,0.006613636448035198
2004-08-06,0.012821775655390055
2004-08-09,0.0
2004-08-10,-0.002254686664196426
2004-08-11,0.0024374454882297725
2004-08-12,0.0012528526316011868
2004-08-13,-0.00398279351855052
2004-08-16,-0.005519302191884068
2004-08-17,-0.0009584636589455853
2004-08-18,-0.0017872618480033742
2004-08-19,-0.0022967192764370425
2004-08-20,0.0012956715947478976
2004-08-23,-0.0019165469777778499
2004-08-24,0.0038172462582093834
2004-08-25,-0.002876933441200172
2004-08-26,-0.0004195683227071756
2004-08-27,0.0002931766571033778
2004-08-30,0.004060632492411767
2004-08-31,0.0009488415680084525
2004-09-01,-0.00305417208062142
2004-09-02,-0.001025602156539314
2004-09-03,-0.0025161000151075474
2004-09-06,-0.0025957200406129437
2004-09-07,-0.0016706794206785003
2004-09-08,3.375709566086349e-05
2004-09-09,-0.0015467069359284547
2004-09-10,-0.0020536527406240512
2004-09-13,-0.005509983669754026
2004-09-14,0.003583830453299167
2004-09-15,0.00581982399943237
2004-09-16,-0.0020447245800832015
2004-09-17,0.013067566490040483
2004-09-20,0.0
2004-09-21,0.0
2004-09-22,0.002655089009340472
2004-09-23,-0.0019187687829312905
2004-09-24,-0.00712512326002096
2004-09-27,-0.0036663430019042145
2004-09-28,-0.003806911251341101
2004-09-29,-0.002315121963282207
2004-09-30,-0.004378722590622589
2004-10-08,-0.007185946454367172
2004-10-11,-0.0008312786615266026
2004-10-12,-0.0028057374305253307
2004-10-13,-0.009285973907903033
2004-10-14,-0.0030051416208052295
2004-10-15,-0.005278782741426624
2004-10-18,-0.0004102711572200324
2004-10-19,-0.004051540731901282
2004-10-20,-0.002326501722914487
2004-10-21,-0.008203510170523176
2004-10-22,-0.003307696650963088
2004-10-25,-0.013373733945900218
2004-10-26,0.0009328150620039888
2004-10-27,0.015892535069127328
2004-10-28,0.002557874436015739
2004-10-29,-0.010854390192583607
2004-11-01,0.0030229150060622767
2004-11-02,-0.0014644072047824697
2004-11-03,-0.000988223413695125
2004-11-04,-0.001057093280715276
2004-11-05,0.0006175905801937093
2004-11-08,-0.0011407524542845213
2004-11-09,0.001089052163491681
2004-11-10,0.002672550256330841
2004-11-11,-0.0025221383412073473
2004-11-12,-0.0020141316907349993
2004-11-15,0.00652009643103818
2004-11-16,-0.001669559081091898
2004-11-17,-0.0006389732133717518
2004-11-18,0.0024835278298716013
2004-11-19,0.001939820205157372
2004-11-22,0.000580504986925745
2004-11-23,-0.0007039838752875283
2004-11-24,0.006641295670769987
2004-11-25,0.0
2004-11-26,0.0
2004-11-29,0.0
2004-11-30,0.0
2004-12-01,0.0
2004-12-02,0.0
2004-12-03,-0.0034851699093136346
2004-12-06,0.0006527489938229492
2004-12-07,0.0043917035781829705
2004-12-08,-0.003926954643533764
2004-12-09,0.004713245660327048
2004-12-10,0.007490638597912769
2004-12-13,0.0013451460935294812
2004-12-14,0.00207512904198931
2004-12-15,0.0010906903494735665
2004-12-16,0.0
2004-12-17,0.0
2004-12-20,0.0
2004-12-21,0.0
2004-12-22,0.0
2004-12-23,0.0
2004-12-24,0.0
2004-12-27,0.0008272604221825075
2004-12-28,0.004657975198403996
2004-12-29,-0.002321565548600024
2004-12-30,0.0004549545502643415
2004-12-31,-0.0002039645498650433
2005-01-04,0.00257440512115803
2005-01-05,-0.001721377640042987
2005-01-06,-0.0011280603717009896
2005-01-07,0.0024338980880515004
2005-01-10,0.0
2005-01-11,0.0
2005-01-12,0.0
2005-01-13,0.0
2005-01-14,0.0
2005-01-17,0.0
2005-01-18,-0.009023673912805563
2005-01-19,0.001462738827478216
2005-01-20,-0.004412886875826222
2005-01-21,0.003149625713713633
2005-01-24,0.00023069084212679059
2005-01-25,-0.0014721738500597659
2005-01-26,0.0003078484515161295
2005-01-27,0.00425328551728967
2005-01-28,-0.003929630785377076
2005-01-31,0.004259484121956018
2005-02-01,-0.0024591662333571795
2005-02-02,0.0024160200004825216
2005-02-03,-0.00135234130651965
2005-02-04,0.002599434866394301
2005-02-16,0.00013017268871258914
2005-02-17,0.0015311964991435723
2005-02-18,0.001174147501661023
2005-02-21,1.303735866231559e-05
2005-02-22,0.0021263476328384767
2005-02-23,0.001409760983839825
2005-02-24,0.0
2005-02-25,0.0
2005-02-28,0.0
2005-03-01,0.0
2005-03-02,0.0
2005-03-03,0.0
2005-03-04,0.0
2005-03-07,0.0
2005-03-08,0.0
2005-03-09,0.0
2005-03-10,0.0
2005-03-11,0.0
2005-03-14,0.0
2005-03-15,0.0003525931691204798
2005-03-16,0.0001626573383899559
2005-03-17,3.804420508176287e-05
2005-03-18,0.0016878279959357673
2005-03-21,-0.005281593467889792
2005-03-22,-0.007483497051461453
2005-03-23,0.003371310823707563
2005-03-24,0.00124132055621623
2005-03-25,-0.0031357626655314774
2005-03-28,-0.0026279923111983128
2005-03-29,-0.0010686054448790596
2005-03-30,0.0030762661161074143
2005-03-31,0.002508772134365178
2005-04-01,-0.0018096042821033054
2005-04-04,-0.003187109121773918
2005-04-05,-0.0011482739351695304
2005-04-06,-0.005311748260827918
2005-04-07,0.008628851546090333
2005-04-08,0.0031007600181209485
2005-04-11,0.003253993171339453
2005-04-12,-0.00441893040370972
2005-04-13,0.006485504367279793
2005-04-14,0.0008963850107967797
2005-04-15,-0.000330548017926785
2005-04-18,-0.001160223939363103
2005-04-19,0.002660792409064028
2005-04-20,0.003160833757493292
2005-04-21,0.01074807094342603
2005-04-22,0.0017945400837141756
2005-04-25,-0.006815528518105116
2005-04-26,0.0019130161138801172
2005-04-27,-0.007548533530292964
2005-04-28,0.0015502414126136177
2005-04-29,-0.00768948176775208
2005-05-09,0.003056074180484619
2005-05-10,-0.004389237617580828
2005-05-11,0.00551551855401731
2005-05-12,0.006366280244640495
2005-05-13,0.005821390233809953
2005-05-16,-0.006183512534493729
2005-05-17,-0.008354950626722757
2005-05-18,0.0032040678224216634
2005-05-19,0.002266638830519807
2005-05-20,-0.0010881105506916344
2005-05-23,-0.003091038507178401
2005-05-24,0.004988489931033735
2005-05-25,0.007269413512901002
2005-05-26,0.0
2005-05-27,0.0
2005-05-30,0.0
2005-05-31,0.0
2005-06-01,0.0
2005-06-02,0.0
2005-06-03,0.005152548752930919
2005-06-06,0.007721763499854539
2005-06-07,0.0
2005-06-08,0.0
2005-06-09,0.0
2005-06-10,0.0
2005-06-13,0.0
2005-06-14,0.0
2005-06-15,0.0
2005-06-16,0.0
2005-06-17,0.0
2005-06-20,0.0
2005-06-21,0.0
2005-06-22,0.0
2005-06-23,0.0
2005-06-24,0.0
2005-06-27,0.0
2005-06-28,0.0
2005-06-29,0.0
2005-06-30,0.0
2005-07-01,0.0
2005-07-04,0.0
2005-07-05,0.0
2005-07-06,0.0
2005-07-07,0.0
2005-07-08,0.0
2005-07-11,0.0
2005-07-12,0.0
2005-07-13,0.0
2005-07-14,0.0
2005-07-15,0.0
2005-07-18,0.0
2005-07-19,0.0
2005-07-20,0.0
2005-07-21,0.0
2005-07-22,0.0
2005-07-25,0.0
2005-07-26,-0.004391874412098984
2005-07-27,0.0
2005-07-28,0.001934177882326471
2005-07-29,-0.0016492567326981677
2005-08-01,0.0010293994533882023
2005-08-02,0.00042707802097485814
2005-08-03,0.0031486248167672537
2005-08-04,0.0
2005-08-05,0.0
2005-08-08,0.0
2005-08-09,0.0
2005-08-10,0.0
2005-08-11,0.0020451700083531366
2005-08-12,0.009736949027203567
2005-08-15,0.0
2005-08-16,0.0
2005-08-17,0.0
2005-08-18,0.0
2005-08-19,0.0
2005-08-22,0.0
2005-08-23,0.0
2005-08-24,0.0
2005-08-25,0.0
2005-08-26,0.0
2005-08-29,0.003125519196183646
2005-08-30,-0.003917284737982418
2005-08-31,0.006536269551803309
2005-09-01,-0.00020021953637383572
2005-09-02,0.0
2005-09-05,0.0
2005-09-06,-0.00715399306761777
2005-09-07,-0.0020402432560205352
2005-09-08,0.004745525415374281
2005-09-09,0.0034160577740275366
2005-09-12,-0.0030535374631412426
2005-09-13,-0.0011581601680468734
2005-09-14,-0.00039242416937118607
2005-09-15,0.0018429154085653487
2005-09-16,0.0005500843683433065
2005-09-19,-0.0022885533209713316
2005-09-20,0.00025670070044531146
2005-09-21,0.0005958641692123123
2005-09-22,-0.0012004695946669086
2005-09-23,-0.0029451930030726103
2005-09-26,-0.004775257931761201
2005-09-27,-0.001715379103155501
2005-09-28,0.0031439577849148304
2005-09-29,-0.002116294795557805
2005-09-30,0.0044575160925316715
2005-10-10,0.002229651275799216
2005-10-11,-0.0028067352577630933
2005-10-12,-0.007558769891285011
2005-10-13,0.0017536424571821807
2005-10-14,0.0024512038692372506
2005-10-17,-0.007294592033841668
2005-10-18,-0.005022548200590227
2005-10-19,-0.009818293082475227
2005-10-20,-0.002599227082407507
2005-10-21,-0.007868894577494734
2005-10-24,0.0019172935342313402
2005-10-25,0.002026763994629162
2005-10-26,-0.0026529073037453448
2005-10-27,0.003969509954674247
2005-10-28,0.0034758884940008904
2005-10-31,0.00036399680022273584
2005-11-01,-0.00247650527167805
2005-11-02,0.002335654557946524
2005-11-03,0.0006349410877324879
2005-11-04,0.00025687456792344854
2005-11-07,-0.0005938054934606085
2005-11-08,0.0020278488134224393
2005-11-09,0.0013685951537624197
2005-11-10,-0.003384008622142387
2005-11-11,0.00018503813847658979
2005-11-14,-0.0002385478227587834
2005-11-15,-0.0020599156241700167
2005-11-16,0.0004919083018712911
2005-11-17,-0.002182289562540074
2005-11-18,0.0005150096476843613
2005-11-21,0.0007985839165914888
2005-11-22,0.0015488050831737321
2005-11-23,0.00011011774042801736
2005-11-24,0.0009512856819609561
2005-11-25,0.0013109511367722926
2005-11-28,0.0007552979733471965
2005-11-29,0.0001063955787343196
2005-11-30,0.0
2005-12-01,0.0
2005-12-02,0.0
2005-12-05,-0.00391828977571379
2005-12-06,0.0033224736287414958
2005-12-07,0.002864157879053253
2005-12-08,-0.0013493429269209045
2005-12-09,0.0008672422079483155
2005-12-12,0.0005890987937715586
2005-12-13,1.75150404709834e-05
2005-12-14,-0.0008765226892780698
2005-12-15,0.00046887359062028344
2005-12-16,-0.0011935143373477675
2005-12-19,-0.0017840845932332872
2005-12-20,0.0015449196030538255
2005-12-21,0.001581260154244063
2005-12-22,0.003238447743164008
2005-12-23,-0.0023951137499922392
2005-12-26,0.0018942410662114995
2005-12-27,-0.00022163897317073467
2005-12-28,0.0009685322606886315
2005-12-29,-0.006424590341983227
2005-12-30,0.0008339516889835363
2006-01-04,-0.006328997248215118
2006-01-05,-0.001327110107855023
2006-01-06,-0.0004100744065450579
2006-01-09,0.0009976010274111435
2006-01-10,0.0003691081100671658
2006-01-11,0.0013384391626145946
2006-01-12,0.0036867929767958234
2006-01-13,0.0019150170032648144
2006-01-16,0.009565019126529017
2006-01-17,0.0
2006-01-18,0.0
2006-01-19,-0.00034965886957349923
2006-01-20,-0.00644714488960918
2006-01-23,-0.003449725159200408
2006-01-24,-0.00341800666221882
2006-01-25,-0.00248640649492618
2006-02-06,-0.0007362222471129307
2006-02-07,0.0024891149903504164
2006-02-08,0.004206800223202922
2006-02-09,-0.0007724641106747754
2006-02-10,-0.008681087338650473
2006-02-13,-0.004389477922191826
2006-02-14,-0.0005428956653529826
2006-02-15,-0.0015799347162795407
2006-02-16,0.0008315041213032091
2006-02-17,0.0014489278962652537
2006-02-20,0.0008889577701326114
2006-02-21,-0.004954833450277991
2006-02-22,0.004671115177888818
2006-02-23,-0.0026789664075386743
2006-02-24,0.0015146064555712768
2006-02-27,0.003461298227329379
2006-02-28,-7.75941449408235e-05
2006-03-01,0.0010232445183271932
2006-03-02,0.001715894358525899
2006-03-03,-0.005347463261386132
2006-03-06,0.004558868418053419
2006-03-07,0.0033269815322404805
2006-03-08,0.0097912327391535
2006-03-09,0.0
2006-03-10,0.0
2006-03-13,0.0
2006-03-14,0.0
2006-03-15,0.0
2006-03-16,0.0
2006-03-17,0.0
2006-03-20,0.0
2006-03-21,0.0
2006-03-22,0.0
2006-03-23,0.0
2006-03-24,-0.0008048271348680136
2006-03-27,0.005875573631488162
2006-03-28,-0.0036528887778694286
2006-03-29,-0.003772445905284416
2006-03-30,-0.0012430639340854366
2006-03-31,0.003952394735507181
2006-04-03,-0.004569566826583438
2006-04-04,0.002300696129999752
2006-04-05,-0.0014738492636729161
2006-04-06,0.0005588381016199961
2006-04-07,0.009924016800467284
2006-04-10,-0.0029385081361078904
2006-04-11,-0.0012740672099022339
2006-04-12,0.008338417080973604
2006-04-13,0.003365471432002387
2006-04-14,-0.003439914082947304
2006-04-17,-0.01365635194074688
2006-04-18,-0.0019374466637043972
2006-04-19,-0.0008781583176903584
2006-04-20,-2.4713034043907008e-05
2006-04-21,-0.008194108574443082
2006-04-24,-0.008767992690821874
2006-04-25,-0.005523056087412304
2006-04-26,-0.00028802635435667967
2006-04-27,0.0016506694189890175
2006-04-28,-0.004606786552828768
2006-05-08,-0.007330316663025461
2006-05-09,0.0030734078830044376
2006-05-10,0.004672932308535049
2006-05-11,-0.002955793877809439
2006-05-12,-0.011988876997133302
2006-05-15,0.012573935858351093
2006-05-16,0.019216688394152304
2006-05-17,0.017910431027823803
2006-05-18,0.0
2006-05-19,0.0
2006-05-22,-0.009902662276252028
2006-05-23,0.0055772495192293325
2006-05-24,0.002086801602989352
2006-05-25,0.0
2006-05-26,0.0
2006-05-29,0.0
2006-05-30,0.015103846432572676
2006-05-31,0.004747600273996733
2006-06-01,0.0
2006-06-02,0.0
2006-06-05,0.0
2006-06-06,0.0
2006-06-07,0.0
2006-06-08,0.0
2006-06-09,0.0
2006-06-12,0.0
2006-06-13,0.0
2006-06-14,0.0
2006-06-15,0.0
2006-06-16,0.0
2006-06-19,0.0
2006-06-20,0.0
2006-06-21,0.0
2006-06-22,0.0
2006-06-23,0.0
2006-06-26,0.0
2006-06-27,0.0
2006-06-28,0.0
2006-06-29,0.0
2006-06-30,0.0
2006-07-03,0.0
2006-07-04,0.0
2006-07-05,0.0
2006-07-06,0.0
2006-07-07,0.0
2006-07-10,0.0
2006-07-11,0.0
2006-07-12,0.0
2006-07-13,0.0
2006-07-14,0.0
2006-07-17,0.0
2006-07-18,0.0
2006-07-19,0.0
2006-07-20,0.0
2006-07-21,0.0
2006-07-24,0.0
2006-07-25,0.0
2006-07-26,0.0
2006-07-27,0.0
2006-07-28,0.0
2006-07-31,0.0
2006-08-01,0.0
2006-08-02,0.0
2006-08-03,0.0
2006-08-04,0.0
2006-08-07,0.0
2006-08-08,0.0
2006-08-09,0.0
2006-08-10,0.0
2006-08-11,0.0
2006-08-14,0.0
2006-08-15,0.0
2006-08-16,0.0
2006-08-17,0.0
2006-08-18,0.0
2006-08-21,0.0
2006-08-22,0.0
2006-08-23,0.0
2006-08-24,0.0
2006-08-25,0.0
2006-08-28,0.0
2006-08-29,0.0
2006-08-30,0.0
2006-08-31,0.0
2006-09-01,0.0
2006-09-04,0.0
2006-09-05,0.0
2006-09-06,0.0
2006-09-07,0.00492722489463282
2006-09-08,0.0
2006-09-11,-0.011328807057861767
2006-09-12,0.004690560590921877
2006-09-13,-0.006295023233966135
2006-09-14,-0.007712759440195727
2006-09-15,0.012325358321946145
2006-09-18,0.008246879029336213
2006-09-19,-0.0033362815694280568
2006-09-20,-0.001915616099143258
2006-09-21,-0.00826750054075387
2006-09-22,0.015797848879382403
2006-09-25,0.008602339873048481
2006-09-26,0.008748003005199012
2006-09-27,0.0
2006-09-28,0.0
2006-09-29,-6.999112788012374e-05
2006-10-09,-0.0041291033931817045
2006-10-10,-1.3459362068146685e-05
2006-10-11,0.0008677732682180472
2006-10-12,0.006325405248233551
2006-10-13,-0.0040696062634848484
2006-10-16,-0.0023399300706029025
2006-10-17,0.006594643556357804
2006-10-18,-0.006168199240587535
2006-10-19,0.00438675518149878
2006-10-20,-0.01970712903474031
2006-10-23,-0.0032766058273058785
2006-10-24,0.0004284732099634203
2006-10-25,-0.005509292861363452
2006-10-26,0.007625134967045755
2006-10-27,0.0011044587875451983
2006-10-30,0.004542030678444331
2006-10-31,-0.0008633286417320711
2006-11-01,-0.0010510150259610829
2006-11-02,-0.009497628381607559
2006-11-03,0.0016013611343953145
2006-11-06,-0.015026149624514224
2006-11-07,-0.007812485372865469
2006-11-08,0.003663961810951059
2006-11-09,0.002811615150930591
2006-11-10,-0.010723909697789042
2006-11-13,-0.0031716165014494535
2006-11-14,0.0010209987160339313
2006-11-15,0.005255245703825462
2006-11-16,-0.004559532126543836
2006-11-17,-0.0013697630640756436
2006-11-20,-0.00017851075983082998
2006-11-21,-0.0026188630242643673
2006-11-22,0.002369857209986448
2006-11-23,0.004705070631723729
2006-11-24,0.003253424221806897
2006-11-27,0.007452088951722405
2006-11-28,0.0007668076863141943
2006-11-29,-0.004544865228493251
2006-11-30,-0.0036594008437827634
2006-12-01,-0.0041087945724690425
2006-12-04,0.0006207141375167702
2006-12-05,0.0023353402013700695
2006-12-06,0.0019214373577465245
2006-12-07,-0.00036017530122550733
2006-12-08,-0.00415620913604044
2006-12-11,6.694644672718651e-05
2006-12-12,-0.0032366357745194545
2006-12-13,-0.00026519707730804354
2006-12-14,-0.004998873254633829
2006-12-15,-0.00031099852172108977
2006-12-18,-0.005107501274924792
2006-12-19,-0.004006789559218146
2006-12-20,0.007309614507450546
2006-12-21,-0.0004472944942788548
2006-12-22,0.0032372242824956765
2006-12-25,-0.005518150222858842
2006-12-26,-0.0026913739354132993
2006-12-27,-0.0009280733230091869
2006-12-28,0.0002473282252267908
2006-12-29,-0.0014611707941179688
2007-01-04,0.004599733870060935
2007-01-05,0.009328878981669564
2007-01-08,0.01042576607908352
2007-01-09,-0.00750734495256794
2007-01-10,0.003875398104232597
2007-01-11,-0.0032218827968070463
2007-01-12,-0.01283321858463025
2007-01-15,-0.0038059286808395723
2007-01-16,-0.002912389439681891
2007-01-17,-0.0006074793148500173
2007-01-18,0.007888233304348135
2007-01-19,0.004294764587131493
2007-01-22,0.0022391190176983536
2007-01-23,0.004342230422043559
2007-01-24,-0.0028492990675723306
2007-01-25,-0.0017523840975751763
2007-01-26,0.0007689569604200734
2007-01-29,0.0037049985179826153
2007-01-30,-0.0019000372618369161
2007-01-31,0.0028517792456311877
2007-02-01,0.006588808135512121
2007-02-02,0.0008670324319907663
2007-02-05,0.0015123226789112154
2007-02-06,0.012240348368474319
2007-02-07,-0.014340634154104914
2007-02-08,-0.003078802147387353
2007-02-09,-0.0023688554741108647
2007-02-12,0.009409770071232504
2007-02-13,0.00433232796225641
2007-02-14,0.0034813905159074192
2007-02-15,-2.406493616528664e-06
2007-02-16,0.0034755743643715134
2007-02-26,0.011100779107702963
2007-02-27,-0.008417572822154773
2007-02-28,0.019705101665535074
2007-03-01,0.02314210660399818
2007-03-02,0.0
2007-03-05,0.0
2007-03-06,0.0
2007-03-07,0.0
2007-03-08,0.0
2007-03-09,0.0
2007-03-12,0.0
2007-03-13,0.0
2007-03-14,0.0
2007-03-15,0.0
2007-03-16,0.0
2007-03-19,0.0
2007-03-20,0.0
2007-03-21,0.0
2007-03-22,0.0
2007-03-23,0.0
2007-03-26,0.0
2007-03-27,0.0
2007-03-28,0.0
2007-03-29,0.0
2007-03-30,0.0
2007-04-02,0.0
2007-04-03,0.0
2007-04-04,0.0
2007-04-05,0.0
2007-04-06,0.0
2007-04-09,0.0
2007-04-10,0.0
2007-04-11,0.0
2007-04-12,0.0055351768965105075
2007-04-13,-0.0028377119445620325
2007-04-16,0.0048712407661342105
2007-04-17,0.0004339602731669814
2007-04-18,0.009633694215453598
2007-04-19,0.0009227892848933383
2007-04-20,0.003594387954081457
2007-04-23,0.012797634569881478
2007-04-24,-0.004726838688893897
2007-04-25,0.016188337945247266
2007-04-26,0.0
2007-04-27,0.0
2007-04-30,0.0
2007-05-08,0.003725852527799372
2007-05-09,0.02033645302485972
2007-05-10,0.014567469654621246
2007-05-11,0.0037445994106888314
2007-05-14,0.003429207015825053
2007-05-15,0.0002790345603356781
2007-05-16,0.0008751483261931203
2007-05-17,0.002172158228404719
2007-05-18,0.005810792628275191
2007-05-21,0.002783473129938263
2007-05-22,-0.005041730681290842
2007-05-23,-0.00035114980423615405
2007-05-24,0.005092915434369377
2007-05-25,-0.00516914902224073
2007-05-28,-0.0023912493445953364
2007-05-29,-5.527227030277483e-05
2007-05-30,-0.0008324863789042625
2007-05-31,0.007631032821192595
2007-06-01,0.010499899004577706
2007-06-04,-0.004850456527567049
2007-06-05,0.009979191078106797
2007-06-06,0.012920858787549366
2007-06-07,0.00471344163791837
2007-06-08,0.0029316018646119435
2007-06-11,0.00267638960490435
2007-06-12,0.007672931750408174
2007-06-13,-0.003567354984807425
2007-06-14,0.0026561490686033973
2007-06-15,0.008581850415108172
2007-06-18,0.002974482685398405
2007-06-19,0.00392039788753773
2007-06-20,-0.004971543645259313
2007-06-21,0.015085844277118454
2007-06-22,0.007666505773960053
2007-06-25,0.0
2007-06-26,0.006601801284438269
2007-06-27,-0.004991196579219981
2007-06-28,-0.0003416088041834908
2007-06-29,-0.012550811061488948
2007-07-02,-0.006469477921575373
2007-07-03,-0.0010189438287343533
2007-07-04,-0.008178735388281066
2007-07-05,-0.007518158413858667
2007-07-06,0.003036290004627684
2007-07-09,-0.018104868036240007
2007-07-10,-0.013405591738329753
2007-07-11,0.001216184715455787
2007-07-12,0.002387513425983423
2007-07-13,0.0025363120429197084
2007-07-16,-6.028731051221925e-05
2007-07-17,-0.003826228592559433
2007-07-18,-0.0030128217268621527
2007-07-19,-0.001214703861511346
2007-07-20,-0.005983326960891211
2007-07-23,0.010871860366994834
2007-07-24,0.0013373522635440338
2007-07-25,-0.0011064497718150657
2007-07-26,0.007691934525488645
2007-07-27,0.002773107672760585
2007-07-30,0.002417293035184065
2007-07-31,0.0
2007-08-01,0.0
2007-08-02,0.0
2007-08-03,0.0026746718817307613
2007-08-06,-0.0022268670900104093
2007-08-07,-0.0012513128083733727
2007-08-08,-0.016390281851234312
2007-08-09,-0.0021532981335863344
2007-08-10,-0.001527084853856997
2007-08-13,0.004589492146686552
2007-08-14,0.0010469324768619392
2007-08-15,-0.00017512080923381967
2007-08-16,0.007932323631502647
2007-08-17,0.0003691382184802805
2007-08-20,-0.002503276663193499
2007-08-21,-0.00016857297026706686
2007-08-22,0.006277119027637834
2007-08-23,0.015291736992363303
2007-08-24,0.007266424382171843
2007-08-27,0.007649108408209232
2007-08-28,0.004905943717634004
2007-08-29,0.003793984898702696
2007-08-30,0.00857080205503935
2007-08-31,-0.011061776518017208
2007-09-03,-0.0018548232547027643
2007-09-04,0.0007167888863904293
2007-09-05,-0.00676468111464143
2007-09-06,-0.003792089186056669
2007-09-07,-0.002169678220520499
2007-09-10,0.0043078732206452966
2007-09-11,-0.00497544000053096
2007-09-12,-7.873790094400012e-05
2007-09-13,0.0025900358786186493
2007-09-14,-0.006216692739773358
2007-09-17,-0.004792543769418881
2007-09-18,0.008861607603625716
2007-09-19,-0.0007534132042662702
2007-09-20,-0.0019726389510136416
2007-09-21,-0.0014224971959331256
2007-09-24,-0.004749282153233447
2007-09-25,0.0036623632216512964
2007-09-26,0.002872130322246577
2007-09-27,-0.0037742788570144974
2007-09-28,-0.0023463960386975362
2007-10-08,-0.00034148635656352144
2007-10-09,0.002974085001661575
2007-10-10,0.004053334974456184
2007-10-11,-0.0171754331981967
2007-10-12,0.0016826737561317362
2007-10-15,0.021231680960400345
2007-10-16,-0.018963874510864565
2007-10-17,0.015804570739913426
2007-10-18,-0.00825119919708539
2007-10-19,0.002098065175377334
2007-10-22,-0.003201623424098632
2007-10-23,-0.00031393399846138537
2007-10-24,-0.002095473125002467
2007-10-25,-0.010011835989178097
2007-10-26,-0.023570750257751127
2007-10-29,-0.0005226853026886191
2007-10-30,-0.0006024241185316193
2007-10-31,0.012958141609943519
2007-11-01,-0.009176035431176566
2007-11-02,-0.02636304504164355
2007-11-05,0.033271828147001414
2007-11-06,-0.0035031363136063254
2007-11-07,0.013172279874054671
2007-11-08,0.0
2007-11-09,0.0
2007-11-12,0.0
2007-11-13,0.0
2007-11-14,0.0
2007-11-15,0.0
2007-11-16,0.0
2007-11-19,0.0
2007-11-20,0.0
2007-11-21,0.0
2007-11-22,0.0
2007-11-23,0.0
2007-11-26,0.0
2007-11-27,0.0
2007-11-28,0.0050379539214656655
2007-11-29,0.00371286214492772
2007-11-30,2.714342334569908e-05
2007-12-03,0.004968723098773997
2007-12-04,0.0
2007-12-05,0.0
2007-12-06,0.0
2007-12-07,0.0
2007-12-10,0.0
2007-12-11,-0.0012228308483048789
2007-12-12,-0.0015417345967683183
2007-12-13,0.006226109294727833
2007-12-14,0.0
2007-12-17,0.013272340073388178
2007-12-18,0.0
2007-12-19,0.0
2007-12-20,0.0
2007-12-21,0.0
2007-12-24,0.0
2007-12-25,0.0
2007-12-26,0.0
2007-12-27,0.0
2007-12-28,0.0
2008-01-02,0.0
2008-01-03,0.0
2008-01-04,0.0
2008-01-07,0.0
2008-01-08,0.0
2008-01-09,0.0
2008-01-10,0.0
2008-01-11,0.0
2008-01-14,0.0
2008-01-15,0.001575125129520183
2008-01-16,-0.004235053240707443
2008-01-17,0.0035160290776202474
2008-01-18,0.011094940196142405
2008-01-21,-0.0025811021056235395
2008-01-22,-0.004318634154488448
2008-01-23,-0.006810449554096045
2008-01-24,-0.006635515749365754
2008-01-25,0.006513982123371952
2008-01-28,-0.0033173944345349926
2008-01-29,0.002119706566455548
2008-01-30,-0.004107937292190796
2008-01-31,0.00805949395432648
2008-02-01,0.007404985226816707
2008-02-04,0.006692138722621754
2008-02-05,0.0020275136764542068
2008-02-13,0.0001728207202204013
2008-02-14,0.008186906222445445
2008-02-15,0.0
2008-02-18,0.0
2008-02-19,0.0
2008-02-20,0.0036477548954969574
2008-02-21,-0.0011212557196661295
2008-02-22,0.0009105680204607438
2008-02-25,0.00010918715007096624
2008-02-26,-0.008740773270280777
2008-02-27,0.004874878127938964
2008-02-28,-0.0022896446669600223
2008-02-29,0.0036730003862200933
2008-03-03,0.004595331013397486
2008-03-04,-0.002644954719226822
2008-03-05,-0.0011718840431035327
2008-03-06,0.00239992401837566
2008-03-07,-0.0031317611662409484
2008-03-10,-0.005922036955470583
2008-03-11,-0.005417857585901825
2008-03-12,-0.004534189228186769
2008-03-13,0.018591808538635818
2008-03-14,-0.0018765308220865529
2008-03-17,0.005470575804343625
2008-03-18,0.005623080688177962
2008-03-19,-0.010036050019432863
2008-03-20,-0.002331329311639041
2008-03-21,0.004694246626509635
2008-03-24,-0.011615516682799143
2008-03-25,-0.003898448182533043
2008-03-26,0.0034619587174460897
2008-03-27,0.006118521294970203
2008-03-28,-0.000984965871043797
2008-03-31,0.0008453567205579104
2008-04-01,0.0010641300174625279
2008-04-02,0.0106079946756365
2008-04-03,0.0025269575483889417
2008-04-07,0.007848653151297569
2008-04-08,0.0
2008-04-09,0.0
2008-04-10,0.0
2008-04-11,0.0
2008-04-14,0.0
2008-04-15,-0.004658204105882469
2008-04-16,0.005898463994324532
2008-04-17,0.0065232184555023
2008-04-18,-0.004634586368270632
2008-04-21,-0.006126127263062026
2008-04-22,0.0053902855612124045
2008-04-23,0.00142777270433995
2008-04-24,-0.001361797005971832
2008-04-25,-0.004145971646471847
2008-04-28,5.234774749435234e-05
2008-04-29,-0.0027041053306339213
2008-04-30,0.0068663296127139395
2008-05-05,0.0
2008-05-06,0.0
2008-05-07,0.0
2008-05-08,0.0
2008-05-09,0.0
2008-05-12,0.0
2008-05-13,0.0
2008-05-14,0.0
2008-05-15,0.0
2008-05-16,0.0
2008-05-19,0.0
2008-05-20,0.0
2008-05-21,0.007827802332428191
2008-05-22,0.014200353255596376
2008-05-23,-0.02961546533610815
2008-05-26,0.0
2008-05-27,0.0
2008-05-28,0.0
2008-05-29,0.0
2008-05-30,0.0
2008-06-02,0.0
2008-06-03,0.0
2008-06-04,0.0
2008-06-05,0.0
2008-06-06,0.0
2008-06-10,0.0
2008-06-11,0.0
2008-06-12,0.0
2008-06-13,0.0
2008-06-16,-0.004759549098419358
2008-06-17,0.007715790588582405
2008-06-18,-0.014483625766172348
2008-06-19,0.008073384157644081
2008-06-20,-0.0005419014314788084
2008-06-23,-0.004395435277528975
2008-06-24,-0.013686909306404788
2008-06-25,0.0032172911028408024
2008-06-26,-0.0009417694820822164
2008-06-27,0.007123078757459433
2008-06-30,-0.0051156250987442475
2008-07-01,-0.010165150169406778
2008-07-02,-0.0017333223573358092
2008-07-03,-0.00220912798363998
2008-07-04,-0.01172632788327857
2008-07-07,0.0
2008-07-08,0.0
2008-07-09,0.0
2008-07-10,0.0
2008-07-11,0.0
2008-07-14,0.0
2008-07-15,0.0
2008-07-16,0.0
2008-07-17,0.0
2008-07-18,0.0
2008-07-21,0.0
2008-07-22,0.0006863265527993212
2008-07-23,0.0002414511853975898
2008-07-24,-0.0030881259335917566
2008-07-25,4.900741105701156e-05
2008-07-28,0.006399466047053215
2008-07-29,0.0
2008-07-30,0.0
2008-07-31,0.0
2008-08-01,0.0018878979640021276
2008-08-04,-0.011605613951478078
2008-08-05,-6.635062356796784e-05
2008-08-06,-0.0023637381343337704
2008-08-07,0.0015055840318835
2008-08-08,-0.009734594842943867
2008-08-11,-0.0023123833421215545
2008-08-12,-0.0066042981412869906
2008-08-13,-0.000454598287900565
2008-08-14,0.005311637632252009
2008-08-15,-0.001994555578013424
2008-08-18,-0.004670694177820678
2008-08-19,0.009504178767475668
2008-08-20,0.0007323897509544652
2008-08-21,-0.003674586902048471
2008-08-22,-0.0012351452725354317
2008-08-25,-0.0005084959919265941
2008-08-26,-0.0038058998593437365
2008-08-27,0.005181674567059813
2008-08-28,0.00034618743317738065
2008-08-29,-0.0006024720031682085
2008-09-01,0.0
2008-09-02,0.0
2008-09-03,0.0
2008-09-04,0.0
2008-09-05,0.0
2008-09-08,0.0
2008-09-09,0.0
2008-09-10,0.0
2008-09-11,0.0
2008-09-12,0.0
2008-09-16,0.0
2008-09-17,0.0
2008-09-18,0.0
2008-09-19,0.0
2008-09-22,0.0
2008-09-23,0.0
2008-09-24,0.0
2008-09-25,0.0
2008-09-26,0.0
2008-10-06,0.0
2008-10-07,0.0
2008-10-08,0.0
2008-10-09,0.0022963921783030194
2008-10-10,-0.004929739368184027
2008-10-13,-0.005894694302995385
2008-10-14,-0.0025620738553746025
2008-10-15,-0.006141156887831067
2008-10-16,-0.00444155188078843
2008-10-17,0.0018182637165137239
2008-10-20,0.001836048052893946
2008-10-21,0.0029858270753738148
2008-10-22,0.004279956467880264
2008-10-23,0.008791562058514557
2008-10-24,-0.005872242070053713
2008-10-27,-0.01600548648442779
2008-10-28,0.0029636005927681786
2008-10-29,-0.002793990741618707
2008-10-30,0.009156664666216008
2008-10-31,-0.007444220854340794
2008-11-03,-0.0039042155349773844
2008-11-04,0.00466458721119703
2008-11-05,0.0036153027972796736
2008-11-06,-0.007125017181062454
2008-11-07,0.0005612594187563991
2008-11-10,0.0060303296690352726
2008-11-11,-0.00030394697732777365
2008-11-12,-0.0012707507592950584
2008-11-13,0.0023052186648127027
2008-11-14,0.0
2008-11-17,0.0
2008-11-18,0.0
2008-11-19,0.0
2008-11-20,0.0
2008-11-21,0.0
2008-11-24,0.02631199035757814
2008-11-25,0.0
2008-11-26,0.0
2008-11-27,0.0
2008-11-28,0.00499868150655014
2008-12-01,0.008934915545365962
2008-12-02,0.013922058427842887
2008-12-03,0.0
2008-12-04,0.0
2008-12-05,0.0
2008-12-08,0.0
2008-12-09,0.0
2008-12-10,0.0
2008-12-11,0.0
2008-12-12,0.0
2008-12-15,0.0
2008-12-16,0.0
2008-12-17,0.0
2008-12-18,0.0
2008-12-19,0.0
2008-12-22,0.0
2008-12-23,0.0
2008-12-24,0.0002748257040702806
2008-12-25,0.004562482203713969
2008-12-26,-0.00561259185069829
2008-12-29,-8.275147234504399e-05
2008-12-30,-0.00150115036771592
2008-12-31,-0.003877461009560268
2009-01-05,-0.0046057182080047054
2009-01-06,-0.0026552379150075467
2009-01-07,-0.009452577849069721
2009-01-08,-0.001875555103929949
2009-01-09,-0.0032970738594525484
2009-01-12,-0.004629262829007885
2009-01-13,0.007885981399594011
2009-01-14,-0.0019524982663023938
2009-01-15,-0.0013756194757628681
2009-01-16,0.008082050302776284
2009-01-19,0.007242532185008255
2009-01-20,0.0
2009-01-21,0.0
2009-01-22,-0.00651267128266575
2009-01-23,0.0
2009-02-02,0.0
2009-02-03,0.0
2009-02-04,0.0
2009-02-05,0.0
2009-02-06,0.0
2009-02-09,0.0
2009-02-10,0.0
2009-02-11,-0.011896658362088752
2009-02-12,-0.018622303517229488
2009-02-13,-0.004139128265706171
2009-02-16,0.022726823943608882
2009-02-17,0.0007578208399052766
2009-02-18,-0.004202598102449162
2009-02-19,0.004338818734614391
2009-02-20,-0.008203509569039702
2009-02-23,-0.00858445207704106
2009-02-24,-0.01871984114548772
2009-02-25,0.0
2009-02-26,0.0
2009-02-27,0.0
2009-03-02,0.0
2009-03-03,0.0
2009-03-04,0.0
2009-03-05,0.0
2009-03-06,0.0
2009-03-09,-0.007523401698057541
2009-03-10,0.003817565022499303
2009-03-11,0.006895505934112922
2009-03-12,-0.012592462635352908
2009-03-13,-0.0007335023374828165
2009-03-16,-0.010297347943883928
2009-03-17,-0.01107442895838373
2009-03-18,0.0008904814925739801
2009-03-19,0.0065215153758648725
2009-03-20,0.004508215958151596
2009-03-23,0.0032449774133199716
2009-03-24,-0.011254915153673495
2009-03-25,-0.00788778112375682
2009-03-26,-0.00020144400094468384
2009-03-27,0.003745093286751683
2009-03-30,0.005038725070444089
2009-03-31,-0.012113919859815525
2009-04-01,0.0013544769899073716
2009-04-02,0.0
2009-04-03,-0.003689098613148478
2009-04-07,0.008101038403883837
2009-04-08,0.00841823041307858
2009-04-09,-0.0035904925143558364
2009-04-10,-0.00781370673061495
2009-04-13,0.0048976420935105125
2009-04-14,-0.0047528520292479115
2009-04-15,0.0008433714062496449
2009-04-16,0.006404413670901202
2009-04-17,0.0035100612489061267
2009-04-20,0.009163697287993045
2009-04-21,0.007304485482759267
2009-04-22,0.0011861623644565666
2009-04-23,-0.0036287398235627932
2009-04-24,0.0036053922200216526
2009-04-27,0.001897659497394677
2009-04-28,-0.00431015553652377
2009-04-29,-0.00048673668484355836
2009-04-30,-0.0029055605230051684
2009-05-04,0.010631354370431612
2009-05-05,0.0
2009-05-06,0.0
2009-05-07,-0.001245118088071484
2009-05-08,0.003985338716476494
2009-05-11,-0.010882547044977986
2009-05-12,-0.006350177770509613
2009-05-13,0.002931442236567494
2009-05-14,0.012439352767216971
2009-05-15,0.0012371247022809895
2009-05-18,0.004267606867552121
2009-05-19,0.0
2009-05-20,0.0
2009-05-21,0.0
2009-05-22,0.0
2009-05-25,0.0
2009-05-26,0.0
2009-05-27,0.0
2009-06-01,0.0
2009-06-02,0.005893532237040755
2009-06-03,-0.027086909307760365
2009-06-04,-0.00120391765581368
2009-06-05,0.0009084662415657085
2009-06-08,-0.012863396369225677
2009-06-09,0.0028272127621863374
2009-06-10,0.011956166099282406
2009-06-11,0.007613418509018893
2009-06-12,-0.0029401945989532274
2009-06-15,-0.0051035593743093965
2009-06-16,0.0030250630381279953
2009-06-17,-0.024757106650016736
2009-06-18,0.0047079222312769176
2009-06-19,-0.0026615282282128616
2009-06-22,0.0004042936486435833
2009-06-23,0.008356004804216527
2009-06-24,-0.0020983866506322593
2009-06-25,-0.006939299763149581
2009-06-26,-0.006326474646105973
2009-06-29,-0.006275203856593192
2009-06-30,-0.0033586940805407544
2009-07-01,-0.01265941026595252
2009-07-02,-0.003794654890405239
2009-07-03,-0.01545253272270038
2009-07-06,0.001482247968652132
2009-07-07,0.010076475294658585
2009-07-08,-0.006630703690970537
2009-07-09,0.003518500259420742
2009-07-10,0.00041723013822231325
2009-07-13,0.007216989258918727
2009-07-14,-0.006787018914818697
2009-07-15,-0.0008637345165858529
2009-07-16,0.000169424552479295
2009-07-17,0.005935391169172605
2009-07-20,0.007917910392668148
2009-07-21,-0.008275468748909692
2009-07-22,-0.000961159634366493
2009-07-23,0.002883392612334945
2009-07-24,-0.001524162457872985
2009-07-27,-0.0022440747061746036
2009-07-28,0.0061074449803349695
2009-07-29,-0.006537679865776913
2009-07-30,-0.005406882406416291
2009-07-31,0.0014383856165295916
2009-08-03,0.0014535311811011975
2009-08-04,0.005038461436256117
2009-08-05,0.012200879446578577
2009-08-06,0.0036691369730676993
2009-08-07,-0.0007331708323657926
2009-08-10,0.0
2009-08-11,0.0
2009-08-12,0.0
2009-08-13,0.0
2009-08-14,0.0
2009-08-17,-0.0031148178774467183
2009-08-18,-0.003039509745945135
2009-08-19,-0.0019456592701795339
2009-08-20,0.0
2009-08-21,0.0
2009-08-24,0.0
2009-08-25,-0.007653535556448987
2009-08-26,-0.0002577653852536832
2009-08-27,0.008313832592667408
2009-08-28,0.001520012126833753
2009-08-31,0.003534206663278583
2009-09-01,0.0
2009-09-02,0.011051626618491017
2009-09-03,0.0
2009-09-04,0.0
2009-09-07,0.0
2009-09-08,0.0
2009-09-09,0.0
2009-09-10,0.0
2009-09-11,0.0
2009-09-14,0.0
2009-09-15,0.0
2009-09-16,0.0
2009-09-17,0.0
2009-09-18,0.0
2009-09-21,0.0
2009-09-22,0.0
2009-09-23,0.0
2009-09-24,0.0033981485395755406
2009-09-25,-0.00459398101441949
2009-09-28,-0.0012608359378926126
2009-09-29,0.014691540123433267
2009-09-30,0.0
2009-10-09,0.0
2009-10-12,0.0
2009-10-13,0.0
2009-10-14,0.0
2009-10-15,0.0
2009-10-16,0.0
2009-10-19,0.0
2009-10-20,0.0
2009-10-21,0.0
2009-10-22,0.0
2009-10-23,0.0
2009-10-26,0.0
2009-10-27,0.0
2009-10-28,0.0
2009-10-29,0.0
2009-10-30,0.0
2009-11-02,0.0
2009-11-03,0.0
2009-11-04,0.0
2009-11-05,0.0
2009-11-06,0.0
2009-11-09,0.0
2009-11-10,0.0
2009-11-11,0.0
2009-11-12,0.0
2009-11-13,0.0
2009-11-16,0.002117884668801029
2009-11-17,-0.0028936651024761284
2009-11-18,-0.002317405196408384
2009-11-19,0.007057300473120143
2009-11-20,-0.0068100945746004116
2009-11-23,-0.005450992122629894
2009-11-24,-0.0010875118023831454
2009-11-25,-0.005396801591507017
2009-11-26,0.00452015304607345
2009-11-27,0.005714595743497364
2009-11-30,0.0
2009-12-01,0.0
2009-12-02,0.00235733957230011
2009-12-03,-0.005617996206236486
2009-12-04,0.01698362238888973
2009-12-07,-0.0003167300744259527
2009-12-08,-0.002900927330421549
2009-12-09,-0.001654799968427323
2009-12-10,0.0
2009-12-11,0.0
2009-12-14,0.0
2009-12-15,0.0
2009-12-16,0.0
2009-12-17,0.0
2009-12-18,0.0
2009-12-21,0.0
2009-12-22,0.0
2009-12-23,-0.0020414061297019392
2009-12-24,0.005063721431298962
2009-12-25,-0.006080846523321637
2009-12-28,0.00526018470067291
2009-12-29,0.0010040160013010668
2009-12-30,0.003225695844163712
2009-12-31,0.0039771526766174126
2010-01-04,0.0
2010-01-05,0.0
2010-01-06,0.0017540297154370332
2010-01-07,-0.002290580669953135
2010-01-08,-0.00793186631337317
2010-01-11,-0.013933529997229632
2010-01-12,0.0
2010-01-13,0.0
2010-01-14,0.0
2010-01-15,0.0
2010-01-18,0.00977773604346488
2010-01-19,0.0
2010-01-20,0.0
2010-01-21,0.0
2010-01-22,0.0
2010-01-25,0.0
2010-01-26,0.003417191119725216
2010-01-27,-0.0034549971634512677
2010-01-28,-0.0012510431419699986
2010-01-29,0.002633701282932721
2010-02-01,0.0038105867695104045
2010-02-02,0.004438188644193153
2010-02-03,0.022451575200080787
2010-02-04,0.0
2010-02-05,-0.013092641784758496
2010-02-08,-0.0048169172806706295
2010-02-09,0.003921786908740954
2010-02-10,0.005565527227246458
2010-02-11,0.0
2010-02-12,0.0
2010-02-22,0.0
2010-02-23,0.0
2010-02-24,0.0
2010-02-25,0.0
2010-02-26,0.0
2010-03-01,0.0
2010-03-02,0.0
2010-03-03,0.0
2010-03-04,0.0
2010-03-05,0.0
2010-03-08,0.0
2010-03-09,0.0
2010-03-10,0.0
2010-03-11,0.0
2010-03-12,0.0
2010-03-15,0.0
2010-03-16,0.0
2010-03-17,0.0
2010-03-18,0.0
2010-03-19,0.0
2010-03-22,0.0
2010-03-23,0.0
2010-03-24,0.0
2010-03-25,0.0
2010-03-26,0.0
2010-03-29,0.0
2010-03-30,0.0
2010-03-31,0.0
2010-04-01,0.0
2010-04-02,0.0
2010-04-06,0.0
2010-04-07,0.0
2010-04-08,0.0
2010-04-09,0.0010302031541939982
2010-04-12,-0.007627201838067421
2010-04-13,0.0
2010-04-14,0.0
2010-04-15,0.0
2010-04-16,0.0
2010-04-19,0.0
2010-04-20,0.0
2010-04-21,-0.0018747096481525616
2010-04-22,-0.0029772139329739267
2010-04-23,-0.00010697533391457095
2010-04-26,-0.0003126642734409919
2010-04-27,-0.0016207981637405
2010-04-28,0.0013496831686011512
2010-04-29,0.006015919025414207
2010-04-30,0.004117203293682703
2010-05-04,-0.005514308743123364
2010-05-05,-0.00941834350619164
2010-05-06,-0.007488195187528773
2010-05-07,-0.014315389400675727
2010-05-10,0.01769942404313607
2010-05-11,0.0
2010-05-12,-0.0007734339610783181
2010-05-13,0.005593040575075814
2010-05-14,-0.003837272582014828
2010-05-17,-0.004475069012945698
2010-05-18,0.00024617748554869867
2010-05-19,0.004148610189183166
2010-05-20,-0.0013827026154681066
2010-05-21,0.001224733487989683
2010-05-24,0.0012938770322015736
2010-05-25,0.004700520714218004
2010-05-26,0.0022160752181989984
2010-05-27,0.0002999081630181699
2010-05-28,0.0
2010-05-31,0.0
2010-06-01,0.0
2010-06-02,0.0
2010-06-03,0.0
2010-06-04,0.0
2010-06-07,0.0
2010-06-08,-0.007365997112559641
2010-06-09,0.007879329094868881
2010-06-10,0.0
2010-06-11,0.0002895516394973985
2010-06-17,0.008553966876745867
2010-06-18,0.0
2010-06-21,0.0
2010-06-22,0.0
2010-06-23,0.0
2010-06-24,0.0
2010-06-25,0.0
2010-06-28,0.0
2010-06-29,0.0
2010-06-30,0.003368497381011748
2010-07-01,-0.005113628345550403
2010-07-02,-0.002146779344238403
2010-07-05,-0.0023322797630905097
2010-07-06,0.0027391257923612966
2010-07-07,0.0029430141241373053
2010-07-08,-0.0017991385936415027
2010-07-09,0.00043602893744659754
2010-07-12,-0.001951939231559563
2010-07-13,0.0014814229489230335
2010-07-14,-0.00024077772598329883
2010-07-15,0.003394757423048067
2010-07-16,-0.001040183089423774
2010-07-19,0.0013399142438778044
2010-07-20,0.0
2010-07-21,0.0
2010-07-22,0.0
2010-07-23,0.0
2010-07-26,0.0
2010-07-27,0.0
2010-07-28,0.0
2010-07-29,0.0
2010-07-30,0.0
2010-08-02,0.0
2010-08-03,0.0
2010-08-04,0.0
2010-08-05,0.0
2010-08-06,0.0
2010-08-09,-0.0008212623772007044
2010-08-10,0.00602261624968603
2010-08-11,0.0
2010-08-12,-0.0030808387590354203
2010-08-13,-0.004452576179746481
2010-08-16,-0.002376784413251065
2010-08-17,-0.005381652519055258
2010-08-18,-0.0011979236429907336
2010-08-19,0.0020751019910102697
2010-08-20,0.004923661121787298
2010-08-23,-0.0017496547456961886
2010-08-24,-0.005228223519582964
2010-08-25,-0.0030655515256390597
2010-08-26,-0.0014991720289232457
2010-08-27,-0.005206497531952792
2010-08-30,-0.007872101724319791
2010-08-31,-0.005196613776689035
2010-09-01,0.002157257844251081
2010-09-02,-0.003828941678793996
2010-09-03,-0.002659202487525861
2010-09-06,0.006964819247212095
2010-09-07,-0.003289528543333753
2010-09-08,-0.007710624075519618
2010-09-09,0.0036899101663080136
2010-09-10,-0.002259150108046032
2010-09-13,-0.004279497882864265
2010-09-14,0.0023159119463665445
2010-09-15,0.00048388476245266043
2010-09-16,0.0014234131245664527
2010-09-17,0.0
2010-09-20,-0.007078856902228092
2010-09-21,-0.005059954954522938
2010-09-27,0.0018889936349859582
2010-09-28,-0.016437060060059516
2010-09-29,-0.0005420822291331007
2010-09-30,0.0004560284840494089
2010-10-08,-0.0032077148918557286
2010-10-11,0.005321660859685606
2010-10-12,-0.001416236502841478
2010-10-13,0.003004951263869482
2010-10-14,-0.0005676920973423873
2010-10-15,-0.005910039732597961
2010-10-18,0.008481484051286264
2010-10-19,-0.004350742225013822
2010-10-20,0.0022321986926637505
2010-10-21,0.0020997587041327315
2010-10-22,-0.0029349370723502815
2010-10-25,-0.006269097405096957
2010-10-26,0.0008435754152876969
2010-10-27,0.004696921879717967
2010-10-28,-0.0011953029168120246
2010-10-29,-0.001288244063925137
2010-11-01,-0.003307518143115213
2010-11-02,-0.00046522270310471003
2010-11-03,0.0015775665083754642
2010-11-04,-0.0012384431962945133
2010-11-05,0.004893411802001535
2010-11-08,0.0011647881708093388
2010-11-09,0.0078644727582097
2010-11-10,-0.0018611846746035554
2010-11-11,-0.004745981595234872
2010-11-12,0.0010178572214367687
2010-11-15,0.0
2010-11-16,0.0
2010-11-17,0.0
2010-11-18,0.0
2010-11-19,0.0
2010-11-22,0.0
2010-11-23,0.0
2010-11-24,0.0015212182962099918
2010-11-25,0.0034139594800122186
2010-11-26,-0.015821085014142366
2010-11-29,-0.01596953043765964
2010-11-30,0.0006264296181055229
2010-12-01,-0.0025006331320312214
2010-12-02,0.002270616937715436
2010-12-03,-0.0019199799468893424
2010-12-06,-0.0021942802165326922
2010-12-07,-0.003498193444688491
2010-12-08,0.0018671835478728804
2010-12-09,0.0008850750328565915
2010-12-10,0.0011088771949520626
2010-12-13,-0.010311086423810678
2010-12-14,-0.00447155563503691
2010-12-15,0.003090034851005896
2010-12-16,-8.108719551797039e-05
2010-12-17,0.001192642259047555
2010-12-20,-0.002477566607125864
2010-12-21,0.0014592450805783197
2010-12-22,-0.002276602781251663
2010-12-23,0.002554457673966698
2010-12-24,-0.0018230761701902853
2010-12-27,0.0044374991952214615
2010-12-28,-0.0011750431751864632
2010-12-29,0.002059726820097474
2010-12-30,0.0003521062065204861
2010-12-31,-0.003581949412647001
2011-01-04,-0.004636389288283582
2011-01-05,-0.00523477145694895
2011-01-06,-0.003692109634123586
2011-01-07,0.007147182701880028
2011-01-10,-0.0008687828046306523
2011-01-11,0.0009416781170351607
2011-01-12,0.007394148727192185
2011-01-13,0.0
2011-01-14,0.0
2011-01-17,0.0
2011-01-18,0.0
2011-01-19,0.0
2011-01-20,0.0
2011-01-21,0.0
2011-01-24,0.0
2011-01-25,0.0
2011-01-26,0.00037818648887766315
2011-01-27,0.0034274927677648837
2011-01-28,0.0
2011-01-31,0.0
2011-02-01,0.0
2011-02-09,0.0
2011-02-10,0.0
2011-02-11,0.0
2011-02-14,0.0
2011-02-15,0.0
2011-02-16,0.0
2011-02-17,0.0
2011-02-18,0.0
2011-02-21,0.0
2011-02-22,-0.0021690973284804183
2011-02-23,0.0022636311831050193
2011-02-24,0.003923802324409198
2011-02-25,0.0
2011-02-28,0.0
2011-03-01,0.003215325537821112
2011-03-02,-0.0032282528872960015
2011-03-03,0.005211739730965559
2011-03-04,-0.005110277188972501
2011-03-07,-0.010102621092619057
2011-03-08,0.000153108033694338
2011-03-09,0.001682204354475192
2011-03-10,0.0034525227478375276
2011-03-11,0.0018095022801993266
2011-03-14,0.0011287937858053265
2011-03-15,0.009627606537162964
2011-03-16,-0.006510300149987769
2011-03-17,0.007766515289677811
2011-03-18,0.0
2011-03-21,0.0
2011-03-22,0.0
2011-03-23,0.0
2011-03-24,0.0
2011-03-25,0.0
2011-03-28,0.0
2011-03-29,0.0
2011-03-30,-0.0030658479440633934
2011-03-31,0.0002233728795840162
2011-04-01,-0.007596918863095881
2011-04-06,-0.00994855841422243
2011-04-07,0.003016888955676126
2011-04-08,0.0018466854847264034
2011-04-11,-0.004276318086864886
2011-04-12,0.007073863724525953
2011-04-13,-0.0006606444165268011
2011-04-14,0.007339016657658376
2011-04-15,0.00403304292026313
2011-04-18,0.0
2011-04-19,0.0
2011-04-20,0.0
2011-04-21,0.0
2011-04-22,0.0
2011-04-25,0.0
2011-04-26,0.0
2011-04-27,0.0
2011-04-28,0.0
2011-04-29,0.0
2011-05-03,0.0
2011-05-04,0.0
2011-05-05,0.0
2011-05-06,0.0
2011-05-09,0.0
2011-05-10,0.0
2011-05-11,0.0
2011-05-12,0.0
2011-05-13,0.0
2011-05-16,0.0
2011-05-17,0.0
2011-05-18,0.0
2011-05-19,0.0
2011-05-20,0.0
2011-05-23,0.0
2011-05-24,0.0
2011-05-25,0.0
2011-05-26,0.0
2011-05-27,0.0
2011-05-30,0.0
2011-05-31,0.0
2011-06-01,0.0
2011-06-02,0.0
2011-06-03,0.0
2011-06-07,0.0
2011-06-08,0.0
2011-06-09,0.0
2011-06-10,0.0
2011-06-13,0.0
2011-06-14,0.0
2011-06-15,0.0
2011-06-16,0.0
2011-06-17,0.0
2011-06-20,0.0
2011-06-21,-0.003039990136255999
2011-06-22,0.0
2011-06-23,0.0
2011-06-24,0.0
2011-06-27,0.0
2011-06-28,0.0
2011-06-29,0.0
2011-06-30,0.0
2011-07-01,0.0
2011-07-04,0.0
2011-07-05,0.0
2011-07-06,0.0
2011-07-07,0.0
2011-07-08,0.0
2011-07-11,0.0
2011-07-12,0.0
2011-07-13,0.0
2011-07-14,0.0
2011-07-15,0.0
2011-07-18,-0.0012720857795218699
2011-07-19,-0.0006009181428570931
2011-07-20,-0.0013322198915713679
2011-07-21,-0.00026134167374772255
2011-07-22,-0.0005596040709926753
2011-07-25,0.0023593677688548143
2011-07-26,-0.00017203731862713845
2011-07-27,0.0011141038333031261
2011-07-28,-0.001977807416409405
2011-07-29,-0.0038056735246156936
2011-08-01,-0.001545676746008251
2011-08-02,-0.0020104206365807453
2011-08-03,0.0011718606682463717
2011-08-04,0.00036857134537937597
2011-08-05,-0.007248495873986127
2011-08-08,-0.008865115622882447
2011-08-09,0.001303878867902971
2011-08-10,0.0009735787011510382
2011-08-11,-0.000618746516736028
2011-08-12,-0.002083891961339873
2011-08-15,-0.000840524581049366
2011-08-16,-0.0009774284807945361
2011-08-17,-0.002046975232492698
2011-08-18,-0.003068632014464112
2011-08-19,-0.0030827040013067424
2011-08-22,-0.002475473610194595
2011-08-23,0.0017614737408456543
2011-08-24,1.0452141777972488e-05
2011-08-25,0.0040775216227423305
2011-08-26,0.0007346782461762236
2011-08-29,-0.001788466972492811
2011-08-30,0.0015551238218665664
2011-08-31,0.0017705224150551535
2011-09-01,-0.0006826904852378172
2011-09-02,0.002216312680590008
2011-09-05,-0.014525893936527617
2011-09-06,-0.0021142784910091654
2011-09-07,0.005778107734335555
2011-09-08,-0.0006386331729254704
2011-09-09,-0.0018014036501937673
2011-09-13,0.0014505985666420549
2011-09-14,-0.0047634277585165506
2011-09-15,-0.0015632493588018102
2011-09-16,-0.0009599329455534099
2011-09-19,-0.0010147747217338172
2011-09-20,0.0002556546809917015
2011-09-21,0.005031561860761183
2011-09-22,0.005078700037699668
2011-09-23,0.002061547833815791
2011-09-26,0.003903859946343624
2011-09-27,0.0024185287759019847
2011-09-28,-0.0004522211701387113
2011-09-29,-0.00525598946119149
2011-09-30,0.00014566084368558552
2011-10-10,0.00613911596972691
2011-10-11,0.0022458096375470027
2011-10-12,0.002316997672757115
2011-10-13,0.0
2011-10-14,0.0
2011-10-17,0.0
2011-10-18,-0.010483392416552384
2011-10-19,-0.005985878829753044
2011-10-20,-0.0030447396629631474
2011-10-21,-0.00958931624001419
2011-10-24,-0.0027207724542709366
2011-10-25,0.0028575532121718483
2011-10-26,-0.0011130960216048924
2011-10-27,-0.006193827278523079
2011-10-28,-0.00232629339581758
2011-10-31,-0.0005249715748893158
2011-11-01,0.004412071350825275
2011-11-02,-0.0012838872092082454
2011-11-03,0.0
2011-11-04,0.0
2011-11-07,0.0
2011-11-08,0.0
2011-11-09,0.0
2011-11-10,0.0
2011-11-11,0.0
2011-11-14,0.0
2011-11-15,0.0
2011-11-16,0.0
2011-11-17,0.0
2011-11-18,0.0
2011-11-21,0.0
2011-11-22,0.0
2011-11-23,0.0
2011-11-24,0.0
2011-11-25,0.0
2011-11-28,0.0
2011-11-29,0.0
2011-11-30,0.0
2011-12-01,0.0
2011-12-02,0.0
2011-12-05,0.0
2011-12-06,0.0
2011-12-07,0.0
2011-12-08,0.0
2011-12-09,0.0
2011-12-12,0.0
2011-12-13,0.0
2011-12-14,-0.00039911354104588126
2011-12-15,0.005110166145983447
2011-12-16,0.002352489406052741
2011-12-19,-0.00037892705272207783
2011-12-20,0.001051984252553743
2011-12-21,-0.00043198355639663833
2011-12-22,0.00224992332972411
2011-12-23,0.0013264814135166003
2011-12-26,-0.0016974849093120596
2011-12-27,0.0004415521957308135
2011-12-28,0.004016318808022908
2011-12-29,0.0004376620897668103
2011-12-30,0.002111718170945043
2012-01-04,-0.0010451426006125577
2012-01-05,-0.007095014728629834
2012-01-06,-0.0022184019677053044
2012-01-09,-0.0050474859734015165
2012-01-10,0.0005144288764043683
2012-01-11,0.0018427209273948288
2012-01-12,0.0023906712020500356
2012-01-13,-0.009753285140010835
2012-01-16,-0.00717473371480265
2012-01-17,-0.003279423733707378
2012-01-18,0.0012231553178438381
2012-01-19,-0.0009750346946151656
2012-01-20,0.005699802001132376
2012-01-30,0.007595701745886946
2012-01-31,-0.0030430336173524752
2012-02-01,0.004965220160275702
2012-02-02,-0.0044178032115466115
2012-02-03,0.008280667245799955
2012-02-06,0.004917793564580997
2012-02-07,0.0
2012-02-08,0.0
2012-02-09,0.0
2012-02-10,0.0
2012-02-13,0.0
2012-02-14,0.0
2012-02-15,0.0
2012-02-16,0.0
2012-02-17,0.0
2012-02-20,0.0
2012-02-21,0.0
2012-02-22,0.0
2012-02-23,0.0
2012-02-24,0.0
2012-02-27,0.0
2012-02-28,0.0
2012-02-29,0.0
2012-03-01,0.0
2012-03-02,0.0
2012-03-05,-0.0013799982358332907
2012-03-06,-0.006077504917674725
2012-03-07,-0.0031626663123497933
2012-03-08,-0.0005904726282571771
2012-03-09,-0.002084682802471538
2012-03-12,0.0023146167115691285
2012-03-13,0.001218807989609716
2012-03-14,0.013709942442763912
2012-03-15,0.0
2012-03-16,0.0
2012-03-19,0.0
2012-03-20,0.0
2012-03-21,0.0
2012-03-22,0.0
2012-03-23,0.0
2012-03-26,0.0
2012-03-27,0.0
2012-03-28,0.0
2012-03-29,0.0
2012-03-30,0.0
2012-04-05,0.0
2012-04-06,0.0
2012-04-09,0.0
2012-04-10,0.0
2012-04-11,0.0
2012-04-12,0.0
2012-04-13,0.0
2012-04-16,0.0
2012-04-17,0.0022450777517551423
2012-04-18,-0.0030212145711501215
2012-04-19,0.0013616337238507303
2012-04-20,-0.0017504849474944129
2012-04-23,-0.007507795775490211
2012-04-24,0.004810873419585832
2012-04-25,-0.009366114032171247
2012-04-26,0.0
2012-04-27,0.0
2012-05-02,0.0
2012-05-03,0.0
2012-05-04,0.0
2012-05-07,0.0
2012-05-08,0.0
2012-05-09,0.00014916995583025283
2012-05-10,0.005776103860204357
2012-05-11,0.002905662501720807
2012-05-14,-0.0010101467207198622
2012-05-15,0.004061975514167981
2012-05-16,0.0
2012-05-17,0.0
2012-05-18,0.0
2012-05-21,0.0
2012-05-22,0.0
2012-05-23,0.0
2012-05-24,0.0
2012-05-25,0.0
2012-05-28,-0.014071992680414813
2012-05-29,0.0
2012-05-30,0.0
2012-05-31,0.0
2012-06-01,0.0
2012-06-04,0.0
2012-06-05,0.0
2012-06-06,0.0
2012-06-07,0.0
2012-06-08,0.0
2012-06-11,0.0
2012-06-12,0.0
2012-06-13,0.0
2012-06-14,0.0
2012-06-15,0.0
2012-06-18,0.0
2012-06-19,0.0
2012-06-20,0.0
2012-06-21,0.0
2012-06-25,0.0
2012-06-26,0.0
2012-06-27,0.0
2012-06-28,-0.004496499665988196
2012-06-29,0.004900138804997123
2012-07-02,0.00012551783173653241
2012-07-03,-0.004588330717754163
2012-07-04,0.003736402931125482
2012-07-05,-0.0061432589304217244
2012-07-06,-0.002703257382805857
2012-07-09,-0.0031523051474260932
2012-07-10,0.008542715182741023
2012-07-11,0.005682686882940602
2012-07-12,0.0
2012-07-13,0.0
2012-07-16,-0.0103764597545552
2012-07-17,0.005600709357205913
2012-07-18,-0.003834432081550765
2012-07-19,0.004151861299009019
2012-07-20,0.01009255439124962
2012-07-23,0.0
2012-07-24,0.004937309883823238
2012-07-25,0.0005480824379661131
2012-07-26,0.0
2012-07-27,0.0
2012-07-30,0.0
2012-07-31,0.0
2012-08-01,0.0
2012-08-02,0.0
2012-08-03,0.0
2012-08-06,0.0017126341131830092
2012-08-07,-0.0020512443907168
2012-08-08,-0.005296881398136943
2012-08-09,0.003783520573925281
2012-08-10,0.0002741070028683956
2012-08-13,0.0019692104882416406
2012-08-14,-0.002357637160806947
2012-08-15,-0.0026645190583890477
2012-08-16,0.0023980382552087898
2012-08-17,-0.0038844335503603333
2012-08-20,-0.004293642027937805
2012-08-21,-0.011991375709191732
2012-08-22,-0.0022188054523696876
2012-08-23,-0.005323238053144941
2012-08-24,0.005127209616393957
2012-08-27,0.0024489139744661714
2012-08-28,-0.0061150191109464735
2012-08-29,-0.012838513129618145
2012-08-30,0.002869408442154331
2012-08-31,-0.001353436205614511
2012-09-03,-0.0036708359883929065
2012-09-04,-0.00258629149855355
2012-09-05,-0.005624126324003165
2012-09-06,0.0001846776544995139
2012-09-07,0.009827774181953835
2012-09-10,-0.003700162736215873
2012-09-11,-0.00252785266628075
2012-09-12,-0.0018232622755987582
2012-09-13,-0.013342817656571887
2012-09-14,-0.0003537397948485399
2012-09-17,-0.000325063594594055
2012-09-18,-0.006478464739221146
2012-09-19,-0.0028905894259093623
2012-09-20,0.006039284434012027
2012-09-21,0.007041353591713447
2012-09-24,0.004642708672265017
2012-09-25,0.0007068907437249861
2012-09-26,-0.006231074309180129
2012-09-27,0.0018881381543573994
2012-09-28,0.001893335699985843
2012-10-08,0.0004400054861535274
2012-10-09,0.00261449809865677
2012-10-10,0.0
2012-10-11,0.0
2012-10-12,0.0
2012-10-15,0.0
2012-10-16,0.0012135409901875005
2012-10-17,0.0031560554185912637
2012-10-18,0.003841892869199115
2012-10-19,0.0
2012-10-22,0.0
2012-10-23,0.0
2012-10-24,0.0
2012-10-25,0.0
2012-10-26,0.0
2012-10-29,0.0
2012-10-30,0.0
2012-10-31,0.0
2012-11-01,0.0038573265855711414
2012-11-02,0.0020557993715336065
2012-11-05,-0.00016317030566470603
2012-11-06,-0.003956858176057232
2012-11-07,-0.001912432074817838
2012-11-08,-0.0049129317844487375
2012-11-09,0.0029948842036376933
2012-11-12,0.002212046440987936
2012-11-13,-0.0015799198901780276
2012-11-14,-0.001535973283174119
2012-11-15,-0.00684357256795054
2012-11-16,0.0026531050759069363
2012-11-19,0.0019247423031164557
2012-11-20,-0.004399404743147872
2012-11-21,0.0020549021255422684
2012-11-22,-0.0009307729807815912
2012-11-23,0.0015510718991419425
2012-11-26,-0.0005710710490435256
2012-11-27,0.0018762039142501685
2012-11-28,0.0012124808504848654
2012-11-29,-0.003988890074734649
2012-11-30,-0.0030205412139666836
2012-12-03,-0.010702555839056924
2012-12-04,-0.00018863432176155015
2012-12-05,0.0028017156785915985
2012-12-06,0.0017451524507551555
2012-12-07,0.0021294096429600633
2012-12-10,0.0009816042670516834
2012-12-11,0.006129585157176876
2012-12-12,0.0059043443961501185
2012-12-13,-0.002571923436927692
2012-12-14,-0.00847483591045528
2012-12-17,0.006707757905270451
2012-12-18,0.0011007435456789616
2012-12-19,0.0005642839521180498
2012-12-20,-0.005039077988836516
2012-12-21,0.004894784007391961
2012-12-24,0.008453971662331305
2012-12-25,0.0
2012-12-26,0.0
2012-12-27,0.0
2012-12-28,0.0
2012-12-31,0.0
2013-01-04,-0.0021171408798263958
2013-01-07,-0.001688995164733642
2013-01-08,-0.004447849862207032
2013-01-09,0.0
2013-01-10,0.0
2013-01-11,0.0011999689991661344
2013-01-14,-0.0005010229992256088
2013-01-15,-0.0037284560896634726
2013-01-16,-0.0035160291269548116
2013-01-17,-0.0010261643278056671
2013-01-18,-0.0008090524874438216
2013-01-21,0.0009842336725216132
2013-01-22,0.0004505947669520287
2013-01-23,-0.0008820817789110074
2013-01-24,-0.0037683177800123258
2013-01-25,-0.006583152758036864
2013-01-28,-0.0019215614089943545
2013-01-29,0.0025994518424934387
2013-01-30,-0.0007231432205018762
2013-01-31,-0.004048946917706242
2013-02-01,-0.0016540348390789439
2013-02-04,0.005498965260842259
2013-02-05,-0.00395549478696211
2013-02-06,-0.00047174560854990055
2013-02-07,0.006009940396524249
2013-02-08,0.00011696006199513054
2013-02-18,-0.0035199063676110143
2013-02-19,-0.0028422714988327047
2013-02-20,0.000989972956405627
2013-02-21,0.0018342275935961105
2013-02-22,-0.000273277438563424
2013-02-25,-0.0036542346475061938
2013-02-26,-0.0012695178283383957
2013-02-27,-0.0019131204586665396
2013-02-28,-0.0017282358443792556
2013-03-01,-0.0039719252820324125
2013-03-04,-0.004139914506378739
2013-03-05,-0.0005111407299396298
2013-03-06,0.00017393322136871614
2013-03-07,0.0009240946618715162
2013-03-08,0.0025486093562045176
2013-03-11,-0.0017521730276967573
2013-03-12,0.0024139521840116362
2013-03-13,-0.00045492613937012094
2013-03-14,-0.0013834439886920014
2013-03-15,-0.005539841526635059
2013-03-18,-0.0031671683029645126
2013-03-19,0.00014452347788466535
2013-03-20,0.000636279237001232
2013-03-21,-0.0008827297936500611
2013-03-22,0.0004920053070434638
2013-03-25,0.007001032804715479
2013-03-26,0.007493055657140424
2013-03-27,0.0
2013-03-28,0.0
2013-03-29,0.0
2013-04-01,0.0
2013-04-02,0.0036831201729334295
2013-04-03,0.0034503344957823034
2013-04-08,-0.006831648226387932
2013-04-09,0.0033090443496792687
2013-04-10,0.00575996677103241
2013-04-11,0.0
2013-04-12,0.0
2013-04-15,0.0
2013-04-16,-0.0056731414471504205
2013-04-17,-0.004466488935983337
2013-04-18,-0.005671317416010513
2013-04-19,0.0037286636755725633
2013-04-22,-0.01035234957609249
2013-04-23,-0.0009890968802868105
2013-04-24,-0.015393729038323367
2013-04-25,0.004953324895157707
2013-04-26,0.0017016244256353452
2013-05-02,-0.017535744367719125
2013-05-03,0.0
2013-05-06,0.0
2013-05-07,-0.0001325692857752081
2013-05-08,-0.0016038549392772272
2013-05-09,-0.01060657652756854
2013-05-10,0.005635938817984465
2013-05-13,-0.0018328399534374704
2013-05-14,0.0005304754163327203
2013-05-15,-0.007063768499719143
2013-05-16,0.0002685149158548892
2013-05-17,0.0039030349242526654
2013-05-20,-0.0017204918391269808
2013-05-21,-0.007491724963625157
2013-05-22,-0.0005892087786476359
2013-05-23,0.002979000786023737
2013-05-24,-0.004293182276735308
2013-05-27,0.0001252136227877787
2013-05-28,0.006397338854475984
2013-05-29,-0.0025657194085734005
2013-05-30,-0.0017068700448436926
2013-05-31,-0.001308468474511141
2013-06-03,0.005480035686263707
2013-06-04,0.00029271322731969085
2013-06-05,-0.006347857473542495
2013-06-06,-0.001448882262172102
2013-06-07,-0.005930333690910339
2013-06-13,-0.014478869317558707
2013-06-14,-0.01713905661393511
2013-06-17,-0.010463082903186594
2013-06-18,0.007220283026222463
2013-06-19,0.00469480804962874
2013-06-20,0.0007049608344225078
2013-06-21,-0.002371018934693603
2013-06-24,0.0022250776224935764
2013-06-25,-0.0024480914010641397
2013-06-26,-0.005106465651281283
2013-06-27,0.0025377490480490428
2013-06-28,-0.0006025673385858799
2013-07-01,-0.024971513105958465
2013-07-02,-0.0022296031074760525
2013-07-03,-0.0057298301838619725
2013-07-04,0.010163294966603582
2013-07-05,0.0037899375225996235
2013-07-08,-0.0029591481595741265
2013-07-09,-0.011513805337707295
2013-07-10,0.000496863729166408
2013-07-11,-0.00027930426951910947
2013-07-12,-0.010035629962639661
2013-07-15,-0.007751770546796691
2013-07-16,0.003649954385982368
2013-07-17,0.0028070944533383586
2013-07-18,-0.008669207819580138
2013-07-19,-0.005409442922189284
2013-07-22,-0.01042080045042959
2013-07-23,-0.0017948217627936636
2013-07-24,-0.006680938508588308
2013-07-25,0.009263739192383269
2013-07-26,0.004200774444435756
2013-07-29,-0.0011333018986011134
2013-07-30,0.01034992988876865
2013-07-31,0.0
2013-08-01,0.0
2013-08-02,0.0
2013-08-05,0.0
2013-08-06,0.0003470661453022217
2013-08-07,0.0025157073586437595
2013-08-08,-0.005283707222850764
2013-08-09,0.002009660996461715
2013-08-12,0.007429640562518269
2013-08-13,0.006649282892724873
2013-08-14,0.0
2013-08-15,0.0
2013-08-16,0.0
2013-08-19,0.0
2013-08-20,0.0
2013-08-21,0.0
2013-08-22,0.0
2013-08-23,0.0
2013-08-26,0.0
2013-08-27,0.0
2013-08-28,0.0
2013-08-29,0.0
2013-08-30,0.0
2013-09-02,0.02427379220647291
2013-09-03,0.0
2013-09-04,0.0
2013-09-05,0.0
2013-09-06,0.0
2013-09-09,0.0
2013-09-10,0.0
2013-09-11,-0.005918247284392997
2013-09-12,-0.007525545023854163
2013-09-13,-0.004244443055330449
2013-09-16,-0.013299179298869812
2013-09-17,-0.0028566018556692996
2013-09-18,-0.009308097861719489
2013-09-23,-0.007901941521767153
2013-09-24,-0.012359633522926017
2013-09-25,0.0
2013-09-26,0.0
2013-09-27,0.0
2013-09-30,0.0
2013-10-08,0.0
2013-10-09,0.0
2013-10-10,0.0
2013-10-11,0.0018017207892473408
2013-10-14,-0.001947025177595596
2013-10-15,0.0014879791282158548
2013-10-16,-0.0021696365816638403
2013-10-17,-0.0007677559104529349
2013-10-18,-0.0008794420318945688
2013-10-21,-0.005426130612875039
2013-10-22,-0.0011664684265209058
2013-10-23,0.006313967723175176
2013-10-24,-0.005683047968644346
2013-10-25,0.0017954999713394137
2013-10-28,0.004623555401934321
2013-10-29,0.008090921990666161
2013-10-30,-0.0026377181716815135
2013-10-31,0.0022399340633134646
2013-11-01,0.00794663445840918
2013-11-04,-0.008226349669786776
2013-11-05,-0.006115571238927614
2013-11-06,-0.0052273486129523206
2013-11-07,-0.0021846224861546693
2013-11-08,-0.0008493947297724957
2013-11-11,0.0036736198302270706
2013-11-12,0.011990290573337753
2013-11-13,0.002534011960289184
2013-11-14,0.0031850517789688837
2013-11-15,-0.001359183760038185
2013-11-18,8.699254243604848e-05
2013-11-19,0.0
2013-11-20,0.0
2013-11-21,0.0
2013-11-22,0.0
2013-11-25,0.0
2013-11-26,0.0
2013-11-27,0.0
2013-11-28,0.0
2013-11-29,0.0019860520312490193
2013-12-02,-0.005309858082258978
2013-12-03,0.0030296202482942847
2013-12-04,0.0036497206154580963
2013-12-05,0.003337145723057322
2013-12-06,-0.0009947426534623882
2013-12-09,-0.0003873317749040206
2013-12-10,-0.0017823365534621605
2013-12-11,0.01140853805455233
2013-12-12,0.0
2013-12-13,0.0
2013-12-16,0.0
2013-12-17,0.0
2013-12-18,0.0
2013-12-19,0.0
2013-12-20,0.0
2013-12-23,0.0
2013-12-24,0.0004544402813571047
2013-12-25,-0.0036888553849749872
2013-12-26,-0.0005209906789306329
2013-12-27,-5.6728653190618594e-05
2013-12-30,-0.003919758368464088
2013-12-31,0.004844074133348419
2014-01-02,-0.005569406212946271
2014-01-03,-0.001302322501965547
2014-01-06,-0.003195543655642008
2014-01-07,-0.003268280740874041
2014-01-08,-0.001153606806320373
2014-01-09,0.008116890001965416
2014-01-10,0.0017389582291364447
2014-01-13,-0.005179546356085474
2014-01-14,-0.001741849722998845
2014-01-15,-0.0037587200120405284
2014-01-16,-0.0017795075305648833
2014-01-17,-0.0009970611758433612
2014-01-20,0.000576626209301101
2014-01-21,0.0008466013381318582
2014-01-22,0.013875982772158735
2014-01-23,0.0
2014-01-24,-0.0011073362897352501
2014-01-27,-0.00454447475214767
2014-01-28,-0.00048705976432109055
2014-01-29,-0.007858666817845417
2014-01-30,-0.0019342824745175735
2014-02-07,-0.00813264055175681
2014-02-10,0.0017176665897074752
2014-02-11,0.007531985079759717
2014-02-12,-0.0034736246318648645
2014-02-13,0.006165718713925479
2014-02-14,0.00015290665449696483
2014-02-17,-0.005746794863338622
2014-02-18,-0.004249698722740447
2014-02-19,0.004262604599069492
2014-02-20,0.0013217715281413078
2014-02-21,-0.006056040170657778
2014-02-24,-0.0031512578287301862
2014-02-25,0.006870545880029333
2014-02-26,0.0013990581232711241
2014-02-27,0.0004907748859268313
2014-02-28,0.0018283168655217619
2014-03-03,-0.0020834372001722334
2014-03-04,-0.005487569952726784
2014-03-05,0.0036405933783627
2014-03-06,0.000997281528664351
2014-03-07,0.0010873954810477204
2014-03-10,-0.0014201828931784677
2014-03-11,-0.006725540930330343
2014-03-12,6.448636534889252e-05
2014-03-13,-0.0004525456520620974
2014-03-14,-0.002368746147534573
2014-03-17,-0.0025551842231420485
2014-03-18,0.0032526333042304234
2014-03-19,-0.0028054579981497962
2014-03-20,0.0031179757228958493
2014-03-21,0.002573118605901703
2014-03-24,0.00540940752003416
2014-03-25,0.0
2014-03-26,0.0
2014-03-27,0.0
2014-03-28,0.0
2014-03-31,0.0
2014-04-01,0.0
2014-04-02,0.0
2014-04-03,0.0
2014-04-04,0.0
2014-04-08,0.0
2014-04-09,0.0
2014-04-10,0.0
2014-04-11,0.0
2014-04-14,0.0
2014-04-15,0.0
2014-04-16,0.0
2014-04-17,0.0
2014-04-18,0.0
2014-04-21,0.0
2014-04-22,0.0
2014-04-23,0.0
2014-04-24,0.0
2014-04-25,0.0
2014-04-28,0.0
2014-04-29,0.0
2014-04-30,0.0
2014-05-05,0.0
2014-05-06,0.0
2014-05-07,0.0
2014-05-08,0.0
2014-05-09,0.0
2014-05-12,-0.012526321158941589
2014-05-13,0.00549264735547883
2014-05-14,0.003768459351820408
2014-05-15,-0.00010379840859991996
2014-05-16,0.0009554761448518079
2014-05-19,-0.002393154521898311
2014-05-20,0.004104985531607042
2014-05-21,0.0
2014-05-22,0.0
2014-05-23,0.0
2014-05-26,0.0
2014-05-27,0.0
2014-05-28,0.0
2014-05-29,0.0
2014-05-30,0.0
2014-06-03,0.0
2014-06-04,0.0
2014-06-05,0.0
2014-06-06,0.0
2014-06-09,0.0
2014-06-10,0.0
2014-06-11,0.0
2014-06-12,0.0
2014-06-13,0.0
2014-06-16,0.0
2014-06-17,0.0
2014-06-18,0.0
2014-06-19,0.0
2014-06-20,0.0
2014-06-23,0.0
2014-06-24,-0.004118363260289026
2014-06-25,0.0
2014-06-26,0.0019134532212746747
2014-06-27,0.000785143733133542
2014-06-30,-0.012076009027623735
2014-07-01,0.0
2014-07-02,0.0
2014-07-03,0.004648446402444384
2014-07-04,0.000992652171566688
2014-07-07,-0.020236112686662255
2014-07-08,-0.0009892610551002212
2014-07-09,-0.001305101167516698
2014-07-10,-0.0060410739222997445
2014-07-11,0.002217343975675856
2014-07-14,0.0004573830443168614
2014-07-15,0.0034685827195364838
2014-07-16,0.0
2014-07-17,0.0
2014-07-18,0.0
2014-07-21,0.0
2014-07-22,0.0
2014-07-23,0.0
2014-07-24,0.0
2014-07-25,0.0
2014-07-28,0.0
2014-07-29,-0.0004900201923262459
2014-07-30,-0.0017550608062415762
2014-07-31,3.84855113714222e-05
2014-08-01,-0.0006158315229527478
2014-08-04,-0.0023820107645304844
2014-08-05,0.0016402573113571406
2014-08-06,0.002096070328002686
2014-08-07,0.0008422831504398265
2014-08-08,-0.0018228517481206907
2014-08-11,-0.0018017986620016968
2014-08-12,-5.1199585741734666e-05
2014-08-13,0.0009614635631096657
2014-08-14,0.001015429904151266
2014-08-15,-0.0015664211334101008
2014-08-18,-0.0007344559117266058
2014-08-19,0.004002852302276039
2014-08-20,0.0042810718548211835
2014-08-21,0.0
2014-08-22,-0.003647007221606491
2014-08-25,0.000805134709724209
2014-08-26,0.005641968931246799
2014-08-27,0.0
2014-08-28,0.0
2014-08-29,0.0
2014-09-01,-0.0030428645297657653
2014-09-02,0.0023540356718588784
2014-09-03,-0.0013947811986465553
2014-09-04,-0.0030925131433847675
2014-09-05,0.000430863316468022
2014-09-09,-0.0022131051075535146
2014-09-10,0.002084066489097462
2014-09-11,0.0031781695650881696
2014-09-12,-0.00037483304312516987
2014-09-15,0.00018984570425998725
2014-09-16,0.0029172542533457153
2014-09-17,-0.0010285193886758748
2014-09-18,0.002342139284669198
2014-09-19,0.003904909526011191
2014-09-22,0.00037843711074986297
2014-09-23,0.0008913522042709454
2014-09-24,0.0034340340744342113
2014-09-25,-0.0003873211814623412
2014-09-26,-0.0019390811840778177
2014-09-29,-0.002336686868008142
2014-09-30,-0.0014929533033896103
2014-10-08,-0.013033319364124218
2014-10-09,0.0012305493388760635
2014-10-10,-0.003290432227555262
2014-10-13,-0.006562147810425523
2014-10-14,-0.0005825550537972846
2014-10-15,-0.010913082076978664
2014-10-16,0.0011649226742593832
2014-10-17,-0.00010049739604769958
2014-10-20,-0.001379629444548225
2014-10-21,0.0024507600133137075
2014-10-22,0.0007057878909802195
2014-10-23,-0.002703437274464704
2014-10-24,0.0036045567129058265
2014-10-27,0.0
2014-10-28,0.0
2014-10-29,0.00028978070335716755
2014-10-30,-0.0002539999651797187
2014-10-31,-0.0022286548097468217
2014-11-03,-0.0006762043711440735
2014-11-04,0.010547632282043307
2014-11-05,0.009786929934522126
2014-11-06,0.0
2014-11-07,0.0
2014-11-10,0.0
2014-11-11,0.00967581412804186
2014-11-12,0.004021147066589625
2014-11-13,0.0
2014-11-14,0.0
2014-11-17,0.0
2014-11-18,0.0
2014-11-19,0.0
2014-11-20,0.0
2014-11-21,0.0
2014-11-24,0.0
2014-11-25,0.0
2014-11-26,-0.003841351683030514
2014-11-27,0.008815234877535494
2014-11-28,-0.0006339178764389608
2014-12-01,0.0008365079128631603
2014-12-02,-0.0018530964249802162
2014-12-03,-0.0025509274099655976
2014-12-04,-0.007513224933588303
2014-12-05,0.0006419586803885491
2014-12-08,-0.010842032010567187
2014-12-09,-0.0003116654487807062
2014-12-10,-0.004927065363520611
2014-12-11,-0.011213091425378111
2014-12-12,0.0025125373212192548
2014-12-15,0.004605512103832106
2014-12-16,-0.004875553004791385
2014-12-17,0.00382939929655668
2014-12-18,-0.0014337206167980843
2014-12-19,-0.002285101581596116
2014-12-22,-0.004031027172649582
2014-12-23,0.004503781010796959
2014-12-24,0.0015804811349984238
2014-12-25,-0.001332307482616479
2014-12-26,-0.005763193681738388
2014-12-29,-0.012150524965855058
2014-12-30,0.005319849916041897
2014-12-31,-2.7331061581148397e-05
2015-01-05,0.0006812726214391052
2015-01-06,0.006301764893139605
2015-01-07,0.001141925166599278
2015-01-08,0.0054902482675374675
2015-01-09,0.004096781019001183
2015-01-12,0.0
2015-01-13,0.0
2015-01-14,0.0
2015-01-15,0.0
2015-01-16,0.0
2015-01-19,0.0
2015-01-20,0.0
2015-01-21,0.0
2015-01-22,0.0
2015-01-23,0.0
2015-01-26,0.0
2015-01-27,0.0
2015-01-28,0.0
2015-01-29,0.0
2015-01-30,0.0
2015-02-02,0.0
2015-02-03,0.0
2015-02-04,0.0
2015-02-05,0.0
2015-02-06,0.0
2015-02-09,0.0
2015-02-10,0.0
2015-02-11,0.0
2015-02-12,0.0
2015-02-13,0.0
2015-02-16,0.0
2015-02-17,0.0
2015-02-25,0.0
2015-02-26,0.0
2015-02-27,0.0
2015-03-02,0.0
2015-03-03,0.0
2015-03-04,-0.004069136693915509
2015-03-05,-0.002756896088289773
2015-03-06,0.008562340627482679
2015-03-09,-0.0006453417115338533
2015-03-10,0.008402955206218699
2015-03-11,0.0
2015-03-12,0.0
2015-03-13,0.0
2015-03-16,0.0
2015-03-17,-0.0017320829853049173
2015-03-18,-0.0025933434300464686
2015-03-19,0.003929272389542049
2015-03-20,-0.00425625269991281
2015-03-23,-0.005762875947035988
2015-03-24,-0.006632421850292492
2015-03-25,-0.0006632743419018499
2015-03-26,0.007509553764870835
2015-03-27,0.0026177049305231683
2015-03-30,0.008200567457028254
2015-03-31,-0.005177166317534268
2015-04-01,0.001331691037389643
2015-04-02,0.0010351438264940838
2015-04-03,0.001119372117484807
2015-04-07,0.0038138344365676036
2015-04-08,0.007416229653501213
2015-04-09,-0.0037673464063160134
2015-04-10,0.0001748564576835583
2015-04-13,0.005299766577020082
2015-04-14,0.0014912323911905518
2015-04-15,0.0071942991664379514
2015-04-16,-0.004029425586100366
2015-04-17,0.019927228651317574
2015-04-20,-0.02140674337103704
2015-04-21,-0.00046154409896392856
2015-04-22,0.00010139899747646508
2015-04-23,0.005307879087924128
2015-04-24,0.00662535678661097
2015-04-27,0.02765087379801645
2015-04-28,0.004958955611882421
2015-04-29,0.0
2015-04-30,-0.0035411602031537592
2015-05-04,0.010871366712758013
2015-05-05,-0.005705717895549162
2015-05-06,-0.007508909136230035
2015-05-07,-0.003613103404159018
2015-05-08,-0.001936053763661405
2015-05-11,-0.006084801534009643
2015-05-12,-0.005440682088516002
2015-05-13,0.002935751219817021
2015-05-14,0.009014561369150784
2015-05-15,-0.005501297743522671
2015-05-18,-0.0013354988497395193
2015-05-19,0.0012931608042217792
2015-05-20,-0.0026652839873368235
2015-05-21,0.0022843574856970337
2015-05-22,0.0079238387010724
2015-05-25,0.008386369819077755
2015-05-26,-0.0009837855882968522
2015-05-27,0.006460677611658342
2015-05-28,-0.0043310616692907415
2015-05-29,-0.010606557031540564
2015-06-01,0.00010936380765447229
2015-06-02,0.000993456242028734
2015-06-03,0.001242771481169691
2015-06-04,0.0048367809313614365
2015-06-05,0.011340332929671543
2015-06-08,0.015359349995252734
2015-06-09,-0.00046286871039646904
2015-06-10,-0.006423099264086352
2015-06-11,-0.009118429896071645
2015-06-12,-0.0012119760182858208
2015-06-15,-0.0032736431342542116
2015-06-16,0.0025428810546955973
2015-06-17,0.0011452493309546115
2015-06-18,-0.0005813512079126766
2015-06-19,0.007341063739599446
2015-06-23,0.002929278511664468
2015-06-24,-0.013793915926360256
2015-06-25,0.009472784462302264
2015-06-26,0.014607741197425916
2015-06-29,0.014442386884376213
2015-06-30,0.0032560842734885576
2015-07-01,-0.0019378359070348905
2015-07-02,-0.005756923672250169
2015-07-03,0.000518083492062893
2015-07-06,-0.0002853020812325635
2015-07-07,-0.02011375235418672
2015-07-08,-0.000749513862602802
2015-07-09,-0.011390822616569207
2015-07-10,-0.007181112208785367
2015-07-13,0.005049882028797192
2015-07-14,0.006000848037633955
2015-07-15,-0.00113521688090501
2015-07-16,0.0019923538524643236
2015-07-17,-0.002038111583367308
2015-07-20,0.0
2015-07-21,-0.014076518243575808
2015-07-22,0.0023506021138840483
2015-07-23,-0.0014762215419398261
2015-07-24,0.005780070107310908
2015-07-27,0.00046738073534058344
2015-07-28,-0.0278342172562539
2015-07-29,0.004068839066433516
2015-07-30,-0.014678656023127928
2015-07-31,0.008392828796742007
2015-08-03,0.003365989845939313
2015-08-04,-0.004199368581685271
2015-08-05,-0.007270060026742575
2015-08-06,0.0027399658895564116
2015-08-07,0.007677093534945112
2015-08-10,-0.014111536094949084
2015-08-11,-0.0062177988043142784
2015-08-12,-0.0154149001157034
2015-08-13,0.00798922674299063
2015-08-14,0.002965968338934477
2015-08-17,-0.0024545827038232604
2015-08-18,0.0055229543200506215
2015-08-19,0.008472058373299451
2015-08-20,0.0
2015-08-21,0.0
2015-08-24,0.0
2015-08-25,0.005477394341006775
2015-08-26,0.008359614720719721
2015-08-27,0.0031502103521863223
2015-08-28,-0.003921948707629963
2015-08-31,-0.0041958732039730495
2015-09-01,0.004799915464794718
2015-09-02,0.00031799675882202005
2015-09-07,-0.004447335948964265
2015-09-08,-0.000872339367111119
2015-09-09,0.0012015934646195658
2015-09-10,0.00018608358125821178
2015-09-11,-0.0035215818846766056
2015-09-14,0.001678954436427904
2015-09-15,-0.001711319455803828
2015-09-16,-0.0028870554832365336
2015-09-17,-0.004583226963154607
2015-09-18,0.002583077314025628
2015-09-21,-0.0005734000137771478
2015-09-22,0.0
2015-09-23,0.0
2015-09-24,0.0
2015-09-25,0.0
2015-09-28,0.0
2015-09-29,0.0
2015-09-30,0.0
2015-10-08,0.0
2015-10-09,0.0
2015-10-12,0.0
2015-10-13,0.0
2015-10-14,0.0
2015-10-15,0.0
2015-10-16,0.0
2015-10-19,0.0
2015-10-20,0.0
2015-10-21,0.0
2015-10-22,0.0
2015-10-23,0.0
2015-10-26,0.0
2015-10-27,0.0
2015-10-28,0.0
2015-10-29,0.0
2015-10-30,0.0
2015-11-02,0.0
2015-11-03,0.0
2015-11-04,0.0
2015-11-05,0.0
2015-11-06,0.0
2015-11-09,0.0
2015-11-10,0.0
2015-11-11,0.0
2015-11-12,0.0
2015-11-13,0.0
2015-11-16,0.003210883289018085
2015-11-17,0.002575854224197316
2015-11-18,0.0
2015-11-19,0.0
2015-11-20,0.0
2015-11-23,0.0
2015-11-24,0.0
2015-11-25,0.0
2015-11-26,0.0
2015-11-27,0.0
2015-11-30,0.0
2015-12-01,0.0
2015-12-02,0.0
2015-12-03,0.0028431414248932807
2015-12-04,0.005096368215285363
2015-12-07,0.0037819692620235656
2015-12-08,-0.0011087839156440349
2015-12-09,9.623665141922366e-05
2015-12-10,-0.00016268990732346954
2015-12-11,0.002903460654289776
2015-12-14,0.009798960069577365
2015-12-15,-0.0011040987206941133
2015-12-16,0.004983019989279025
2015-12-17,-0.011941238547218846
2015-12-18,-0.005316202221846089
2015-12-21,-0.002057923000332751
2015-12-22,0.003072321300632952
2015-12-23,-0.000717261325691876
2015-12-24,0.003147133541871447
2015-12-25,-0.002149182524993354
2015-12-28,-0.0018854971622907363
2015-12-29,0.0011091707009798502
2015-12-30,0.0019723744666461374
2015-12-31,-8.10131004061799e-05
2016-01-04,-0.0024244387384608785
2016-01-05,0.012390490111327812
2016-01-06,0.0
2016-01-07,0.0
2016-01-08,0.0
2016-01-11,0.0
2016-01-12,0.0
2016-01-13,0.0
2016-01-14,0.017800222457610704
2016-01-15,0.01133199326949702
2016-01-18,0.0
2016-01-19,0.0
2016-01-20,0.0
2016-01-21,0.0
2016-01-22,0.0
2016-01-25,0.0
2016-01-26,0.0
2016-01-27,0.0
2016-01-28,0.0
2016-01-29,0.005586045500731829
2016-02-01,-0.0017902796000416887
2016-02-02,0.0010943880135826367
2016-02-03,0.00040617842989931763
2016-02-04,0.005673192601820198
2016-02-05,0.0
2016-02-15,0.0
2016-02-16,0.008933270847312214
2016-02-17,0.009604646776547487
2016-02-18,0.0
2016-02-19,0.0
2016-02-22,0.0
2016-02-23,0.0
2016-02-24,0.0
2016-02-25,0.0
2016-02-26,0.0
2016-02-29,0.0
2016-03-01,0.0
2016-03-02,0.0
2016-03-03,-0.006070728212266729
2016-03-04,-0.0016728617249173738
2016-03-07,-0.0030662381514671155
2016-03-08,-0.0037249114806177652
2016-03-09,0.01424853723465902
2016-03-10,0.004083800666728921
2016-03-11,0.0
2016-03-14,0.0
2016-03-15,0.0
2016-03-16,0.0
2016-03-17,0.0
2016-03-18,0.0
2016-03-21,0.0
2016-03-22,0.0
2016-03-23,0.0
2016-03-24,0.0
2016-03-25,0.0
2016-03-28,0.0
2016-03-29,0.0
2016-03-30,0.0
2016-03-31,0.0
2016-04-01,0.0
2016-04-05,0.0
2016-04-06,0.0012678938450941812
2016-04-07,-0.001159826054698998
2016-04-08,0.00337164423108699
2016-04-11,0.004435852676966889
2016-04-12,0.0
2016-04-13,0.0
2016-04-14,0.0
2016-04-15,0.0
2016-04-18,0.0
2016-04-19,0.0
2016-04-20,0.0
2016-04-21,0.0
2016-04-22,0.0
2016-04-25,0.0
2016-04-26,0.0
2016-04-27,0.0
2016-04-28,0.0
2016-04-29,0.0
2016-05-03,-0.0018442936529214915
2016-05-04,0.0014721334268266717
2016-05-05,0.00136062304882556
2016-05-06,-0.0030343572431681953
2016-05-09,-0.009296662739373074
2016-05-10,-0.006676323704937204
2016-05-11,0.0
2016-05-12,0.0
2016-05-13,0.0
2016-05-16,0.0
2016-05-17,0.0
2016-05-18,0.0
2016-05-19,0.0
2016-05-20,0.0
2016-05-23,0.0
2016-05-24,0.0
2016-05-25,0.0
2016-05-26,0.0
2016-05-27,0.0
2016-05-30,0.0
2016-05-31,0.0
2016-06-01,0.005884039791874129
2016-06-02,0.00046805538001970515
2016-06-03,0.0
2016-06-06,0.0
2016-06-07,0.0
2016-06-08,0.0
2016-06-13,0.0
2016-06-14,0.0
2016-06-15,0.0
2016-06-16,-0.015136254167266883
2016-06-17,0.007969351160757171
2016-06-20,-0.0006506846933753696
2016-06-21,0.004083784813133373
2016-06-22,0.005391605258681986
2016-06-23,0.006540014367226121
2016-06-24,0.0
2016-06-27,0.0
2016-06-28,0.0
2016-06-29,-0.0005416659621296782
2016-06-30,0.002029427540441081
2016-07-01,0.0022780940051590664
2016-07-04,0.0003263239325871359
2016-07-05,-0.0020744478698872344
2016-07-06,-8.668086067789571e-05
2016-07-07,-0.0021376757503768773
2016-07-08,0.0003548801445966143
2016-07-11,0.0025349174611963565
2016-07-12,0.00927730311848692
2016-07-13,-0.003128119245770916
2016-07-14,0.0005898083521014563
2016-07-15,0.0006676247863290352
2016-07-18,-0.006512569378156946
2016-07-19,-0.0006157754146688215
2016-07-20,0.0012656290812793811
2016-07-21,-0.0007880457200208357
2016-07-22,-0.001340593012032154
2016-07-25,0.003145919152060972
2016-07-26,0.0021582241026270044
2016-07-27,0.004772975284357439
2016-07-28,0.0023592313183065095
2016-07-29,0.0077508129177972784
2016-07-31,0.0
2016-08-01,0.0
2016-08-02,0.0
2016-08-03,0.0
2016-08-04,0.0
2016-08-05,0.0
2016-08-08,0.0
